mode,bandwidth_kbps,success_rate_pct,mean_latency_ms,std_latency_ms,p50_latency_ms,p95_latency_ms,p99_latency_ms,eta_win_30s_mean,eta_win_30s_p95,eta_win_120s_mean,eta_win_120s_p95
Classical,64,100.0,75.31564999999998,72.82691078691853,59.3785,76.04040000000023,322.9248799999996,99.74894783333333,99.746532,99.93723695833334,99.93663300000001
Classical,128,100.0,36.53765,0.22216714310105343,36.4855,37.096199999999996,37.205639999999995,99.87820783333333,99.876346,99.96955195833334,99.9690865
Classical,256,100.0,30.934649999999998,25.784145153409785,25.0835,32.06540000000008,118.77227999999987,99.8968845,99.89311533333333,99.974221125,99.97327883333334
Classical,512,100.0,27.364549999999998,24.88828916637195,19.3345,100.109,100.1546,99.90878483333333,99.66630333333335,99.97719620833332,99.91657583333333
Classical,1024,100.0,16.469199999999994,0.05957092190693442,16.4735,16.54955,16.55791,99.94510266666666,99.94483483333333,99.98627566666667,99.98620870833334
NaivePqc,64,100.0,931.4662500000001,289.98457273500367,771.914,1462.30085,1549.5465699999997,96.8951125,95.12566383333333,99.223778125,98.78141595833333
NaivePqc,128,100.0,521.0277000000001,311.30896622979424,393.7455,727.5869500000008,1557.9925899999987,98.26324100000001,97.57471016666666,99.56581025,99.39367754166668
NaivePqc,256,100.0,257.01615000000004,98.34730655679552,203.5865,459.2283,468.30726,99.1432795,98.469239,99.785819875,99.61730974999999
NaivePqc,512,100.0,121.24695000000001,38.34735372393964,108.7245,231.3588,234.73016,99.5958435,99.228804,99.898960875,99.807201
NaivePqc,1024,100.0,86.44679999999998,51.9274984403609,61.506,194.68825,209.93764999999996,99.711844,99.35103916666667,99.927961,99.83775979166667
OrbitPqc,64,100.0,208.04379999999998,100.13174638634317,175.4555,495.7494,504.25228,99.30652066666667,98.34750199999999,99.82663016666666,99.5868755
OrbitPqc,128,100.0,113.19645000000003,56.90988880629391,94.60300000000001,279.4669,279.69338,99.62267849999999,99.06844366666667,99.90566962499999,99.76711091666667
OrbitPqc,256,100.0,59.9011,25.866104426449677,54.1545,60.799650000000085,147.98152999999985,99.80032966666667,99.7973345,99.95008241666666,99.949333625
OrbitPqc,512,100.0,38.187149999999995,19.001189969038087,33.932,39.10595000000006,102.9451899999999,99.8727095,99.86964683333333,99.968177375,99.96741170833333
OrbitPqc,1024,100.0,30.103700000000003,19.37873692071042,23.8345,86.6464,86.85007999999999,99.89965433333333,99.71117866666667,99.97491358333333,99.92779466666666
