mode,packet_loss_pct,success_rate_pct,mean_latency_ms,std_latency_ms,p50_latency_ms,p95_latency_ms,p99_latency_ms,eta_win_30s_mean,eta_win_30s_p95
Classical,0.0,100.0,37.16093333333333,3.416542231992532,36.5,37.28355,50.05155000000002,99.87613022222223,99.8757215
Classical,1.0,100.0,36.48433333333333,0.06549458168341085,36.472,36.5857,36.63366,99.87838555555555,99.87804766666667
Classical,2.5,100.0,48.83056666666667,46.93718953774607,36.4955,136.0914499999995,223.29755,99.83723144444444,99.54636183333334
Classical,5.0,100.0,67.15723333333332,109.70868636300136,36.4985,216.74265,485.5415200000003,99.77614255555555,99.2775245
Classical,7.5,100.0,66.61350000000002,83.88538291220698,36.509,219.16875,347.86859000000015,99.777955,99.2694375
Classical,10.0,100.0,72.95370000000001,74.4046990878612,36.5355,220.1595,223.03979,99.756821,99.266135
Classical,12.5,100.0,128.34173333333334,174.0319486923323,36.4865,590.00415,596.36106,99.57219422222222,98.0333195
Classical,15.0,100.0,115.2889,114.3938567404525,36.536500000000004,320.7655999999995,401.89019,99.61570366666666,98.93078133333334
NaivePqc,0.0,100.0,393.37420000000003,0.37992080844520404,393.3605,393.9938,394.25593000000003,98.68875266666667,98.68668733333334
NaivePqc,1.0,100.0,410.2530666666666,64.22082430066958,393.326,532.9056999999993,646.63472,98.63248977777778,98.22364766666666
NaivePqc,2.5,100.0,427.65026666666665,106.88845764335227,393.3135,701.5815999999998,794.9787600000001,98.57449911111111,97.66139466666667
NaivePqc,5.0,100.0,422.24006666666656,76.32600207229662,393.2895,612.4172499999999,648.67818,98.59253311111111,97.95860916666666
NaivePqc,7.5,96.66666666666667,546.5266896551724,178.267995578708,394.046,812.9005999999999,950.1068399999998,98.17824436781609,97.29033133333334
NaivePqc,10.0,100.0,606.5829,268.1354382821912,646.8525,820.0668000000001,1474.6643200000008,97.978057,97.266444
NaivePqc,12.5,93.33333333333333,674.1452857142857,429.4260712083011,484.022,1653.2290499999997,1982.4914400000002,97.75284904761905,94.48923649999999
NaivePqc,15.0,96.66666666666667,708.0359310344827,419.90775274533564,600.583,1772.6555999999996,1918.4444799999999,97.63988022988505,94.091148
OrbitPqc,0.0,100.0,95.5863,3.9238595281370263,94.75649999999999,95.8257,110.38215000000002,99.68137899999999,99.680581
OrbitPqc,1.0,100.0,94.94263333333332,0.4124125389689925,94.80699999999999,95.5453,95.87508,99.68352455555556,99.68151566666667
OrbitPqc,2.5,100.0,100.77896666666666,33.07997389867141,94.5915,95.61064999999999,223.62836000000016,99.66407011111112,99.68129783333333
OrbitPqc,5.0,100.0,106.63226666666667,46.70330546075854,94.586,194.43774999999948,279.66933,99.64455911111112,99.35187416666668
OrbitPqc,7.5,100.0,125.45006666666669,110.22872444742227,94.6125,280.2683,546.4871500000003,99.58183311111112,99.06577233333334
OrbitPqc,10.0,100.0,137.4205333333333,79.40237217499292,94.5705,280.5249,282.83610999999996,99.54193155555555,99.064917
OrbitPqc,12.5,100.0,131.54226666666668,75.13721193598178,94.6285,279.29665,282.28006,99.56152577777779,99.06901116666667
OrbitPqc,15.0,90.0,114.93107407407408,59.07108106987321,94.55,277.307,281.85268,99.61689641975309,99.07564333333333
