mode,bandwidth_kbps,mean_latency_ms,p95_latency_ms,pass_cost_30s_pct,pass_cost_120s_pct
OrbitPqc,64,191.9319,192.68050000000022,0.639773,0.15994325
OrbitPqc,128,94.94215,95.66645,0.31647383333333334,0.07911845833333334
OrbitPqc,256,60.08090000000001,60.916050000000084,0.20026966666666668,0.05006741666666667
OrbitPqc,512,38.17124999999999,38.40080000000006,0.12723749999999998,0.031809374999999994
OrbitPqc,1024,26.908549999999998,27.63630000000004,0.08969516666666666,0.022423791666666665
OrbitPqcRatchet,64,784.1621,784.7408500000003,2.6138736666666667,0.6534684166666667
OrbitPqcRatchet,128,426.19125,660.9426000000002,1.4206375,0.355159375
OrbitPqcRatchet,256,225.09294999999997,352.67249999999996,0.7503098333333333,0.18757745833333334
OrbitPqcRatchet,512,108.25399999999999,108.42265,0.3608466666666666,0.09021166666666665
OrbitPqcRatchet,1024,69.88994999999998,124.38375000000003,0.23296649999999994,0.058241624999999984
