trial_id,mode,altitude_km,pass_phase,rate_kbps,loss_pct,mtu_bytes,timeout_ms,handshake_latency_ms,success,failure_reason,retries,frames_sent,frames_recv,bytes_sent,bytes_recv,timestamp
50001,naive_pqc,550.0,intra_plane,128,3.00,256,32306,939.247,true,none,1,44,41,5613,5273,2026-08-26T19:02:54.300537217+00:00
50002,naive_pqc,550.0,intra_plane,128,3.00,256,32306,1096.605,true,none,1,44,41,5613,5273,2026-08-26T19:02:55.556635843+00:00
50003,naive_pqc,550.0,intra_plane,128,3.00,256,32306,792.169,true,none,0,43,39,5357,5249,2026-08-26T19:02:56.507298799+00:00
50004,naive_pqc,550.0,intra_plane,128,3.00,256,32306,790.618,true,none,0,43,40,5357,5261,2026-08-26T19:02:57.509341776+00:00
50005,naive_pqc,550.0,intra_plane,128,3.00,256,32306,1090.757,true,none,1,44,41,5613,5273,2026-08-26T19:02:58.769386012+00:00
50006,naive_pqc,550.0,intra_plane,128,3.00,256,32306,939.160,true,none,1,44,40,5613,5261,2026-08-26T19:02:59.911847799+00:00
50007,naive_pqc,550.0,intra_plane,128,3.00,256,32306,1077.817,true,none,1,44,40,5613,5261,2026-08-26T19:03:01.154427637+00:00
50008,naive_pqc,550.0,intra_plane,128,3.00,256,32306,790.737,true,none,0,43,41,5357,5273,2026-08-26T19:03:02.104449016+00:00
50009,naive_pqc,550.0,intra_plane,128,3.00,256,32306,928.929,true,none,0,43,40,5357,5261,2026-08-26T19:03:03.193356987+00:00
50010,naive_pqc,550.0,intra_plane,128,3.00,256,32306,939.081,true,none,1,44,39,5613,5249,2026-08-26T19:03:04.292434807+00:00
50011,naive_pqc,550.0,intra_plane,128,3.00,256,32306,790.809,true,none,0,43,41,5357,5273,2026-08-26T19:03:05.243760781+00:00
50012,naive_pqc,550.0,intra_plane,128,3.00,256,32306,1078.379,true,none,1,44,41,5613,5273,2026-08-26T19:03:06.481117250+00:00
50013,naive_pqc,550.0,intra_plane,128,3.00,256,32306,1096.916,true,none,1,44,40,5613,5261,2026-08-26T19:03:07.737081508+00:00
50014,naive_pqc,550.0,intra_plane,128,3.00,256,32306,929.598,true,none,0,43,41,5357,5273,2026-08-26T19:03:08.825965858+00:00
50015,naive_pqc,550.0,intra_plane,128,3.00,256,32306,790.921,true,none,0,43,40,5357,5261,2026-08-26T19:03:09.776137375+00:00
50016,naive_pqc,550.0,intra_plane,128,3.00,256,32306,1073.861,true,none,1,44,41,5613,5273,2026-08-26T19:03:11.009321466+00:00
50017,naive_pqc,550.0,intra_plane,128,3.00,256,32306,790.649,true,none,0,43,41,5357,5273,2026-08-26T19:03:11.969878102+00:00
50018,naive_pqc,550.0,intra_plane,128,3.00,256,32306,935.305,true,none,0,43,41,5357,5273,2026-08-26T19:03:13.076813107+00:00
50019,naive_pqc,550.0,intra_plane,128,3.00,256,32306,790.709,true,none,0,43,39,5357,5249,2026-08-26T19:03:14.112137140+00:00
50020,naive_pqc,550.0,intra_plane,128,3.00,256,32306,938.762,true,none,1,44,40,5613,5261,2026-08-26T19:03:15.214078769+00:00
50021,naive_pqc,550.0,intra_plane,128,3.00,576,32306,718.703,true,none,0,21,19,5137,5053,2026-08-26T19:03:16.105359587+00:00
50022,naive_pqc,550.0,intra_plane,128,3.00,576,32306,953.297,true,none,0,21,19,5137,5053,2026-08-26T19:03:17.219564973+00:00
50023,naive_pqc,550.0,intra_plane,128,3.00,576,32306,925.146,true,none,1,22,19,5713,5053,2026-08-26T19:03:18.303855685+00:00
50024,naive_pqc,550.0,intra_plane,128,3.00,576,32306,722.053,true,none,0,21,19,5137,5053,2026-08-26T19:03:19.185583420+00:00
50025,naive_pqc,550.0,intra_plane,128,3.00,576,32306,722.017,true,none,0,21,19,5137,5053,2026-08-26T19:03:20.069655072+00:00
50026,naive_pqc,550.0,intra_plane,128,3.00,576,32306,721.920,true,none,0,21,19,5137,5053,2026-08-26T19:03:20.951422101+00:00
50027,naive_pqc,550.0,intra_plane,128,3.00,576,32306,722.059,true,none,0,21,19,5137,5053,2026-08-26T19:03:21.835554601+00:00
50028,naive_pqc,550.0,intra_plane,128,3.00,576,32306,773.180,true,none,1,22,18,5209,5041,2026-08-26T19:03:22.773590776+00:00
50029,naive_pqc,550.0,intra_plane,128,3.00,576,32306,721.964,true,none,0,21,19,5137,5053,2026-08-26T19:03:23.657710111+00:00
50030,naive_pqc,550.0,intra_plane,128,3.00,576,32306,721.958,true,none,0,21,19,5137,5053,2026-08-26T19:03:24.544254229+00:00
50031,naive_pqc,550.0,intra_plane,128,3.00,576,32306,722.121,true,none,0,21,19,5137,5053,2026-08-26T19:03:25.431107284+00:00
50032,naive_pqc,550.0,intra_plane,128,3.00,576,32306,721.980,true,none,0,21,18,5137,5041,2026-08-26T19:03:26.312896653+00:00
50033,naive_pqc,550.0,intra_plane,128,3.00,576,32306,722.954,true,none,0,21,19,5137,5053,2026-08-26T19:03:27.226348838+00:00
50034,naive_pqc,550.0,intra_plane,128,3.00,576,32306,924.227,true,none,1,23,18,6038,5041,2026-08-26T19:03:28.333643680+00:00
50035,naive_pqc,550.0,intra_plane,128,3.00,576,32306,925.446,true,none,1,22,19,5713,5053,2026-08-26T19:03:29.491254092+00:00
50036,naive_pqc,550.0,intra_plane,128,3.00,576,32306,899.308,true,none,0,21,19,5137,5053,2026-08-26T19:03:30.550273133+00:00
50037,naive_pqc,550.0,intra_plane,128,3.00,576,32306,922.048,true,none,1,22,19,5713,5053,2026-08-26T19:03:31.632384389+00:00
50038,naive_pqc,550.0,intra_plane,128,3.00,576,32306,722.057,true,none,0,21,19,5137,5053,2026-08-26T19:03:32.516191582+00:00
50039,naive_pqc,550.0,intra_plane,128,3.00,576,32306,1086.886,true,none,1,22,18,5462,5041,2026-08-26T19:03:33.764528223+00:00
50040,naive_pqc,550.0,intra_plane,128,3.00,576,32306,924.519,true,none,1,22,19,5713,5053,2026-08-26T19:03:34.847729881+00:00
50041,naive_pqc,550.0,intra_plane,128,3.00,1280,32306,690.721,true,none,0,11,9,5037,4953,2026-08-26T19:03:35.706483157+00:00
50042,naive_pqc,550.0,intra_plane,128,3.00,1280,32306,687.499,true,none,0,11,9,5037,4953,2026-08-26T19:03:36.560440286+00:00
50043,naive_pqc,550.0,intra_plane,128,3.00,1280,32306,690.715,true,none,0,11,9,5037,4953,2026-08-26T19:03:37.430582208+00:00
50044,naive_pqc,550.0,intra_plane,128,3.00,1280,32306,690.642,true,none,0,11,9,5037,4953,2026-08-26T19:03:38.302881625+00:00
50045,naive_pqc,550.0,intra_plane,128,3.00,1280,32306,690.637,true,none,0,11,9,5037,4953,2026-08-26T19:03:39.257669575+00:00
50046,naive_pqc,550.0,intra_plane,128,3.00,1280,32306,690.641,true,none,0,11,9,5037,4953,2026-08-26T19:03:40.120295327+00:00
50047,naive_pqc,550.0,intra_plane,128,3.00,1280,32306,689.440,true,none,0,11,9,5037,4953,2026-08-26T19:03:40.985705681+00:00
50048,naive_pqc,550.0,intra_plane,128,3.00,1280,32306,1104.029,true,none,1,14,8,8650,4941,2026-08-26T19:03:42.320699974+00:00
50049,naive_pqc,550.0,intra_plane,128,3.00,1280,32306,690.868,true,none,0,11,9,5037,4953,2026-08-26T19:03:43.218486708+00:00
50050,naive_pqc,550.0,intra_plane,128,3.00,1280,32306,943.159,true,none,0,11,9,5037,4953,2026-08-26T19:03:44.355960687+00:00
50051,naive_pqc,550.0,intra_plane,128,3.00,1280,32306,690.916,true,none,0,11,9,5037,4953,2026-08-26T19:03:45.206248505+00:00
50052,naive_pqc,550.0,intra_plane,128,3.00,1280,32306,690.740,true,none,0,11,9,5037,4953,2026-08-26T19:03:46.056263460+00:00
50053,naive_pqc,550.0,intra_plane,128,3.00,1280,32306,691.067,true,none,0,11,9,5037,4953,2026-08-26T19:03:46.907434941+00:00
50054,naive_pqc,550.0,intra_plane,128,3.00,1280,32306,690.816,true,none,0,11,9,5037,4953,2026-08-26T19:03:47.757966494+00:00
50055,naive_pqc,550.0,intra_plane,128,3.00,1280,32306,690.696,true,none,0,11,9,5037,4953,2026-08-26T19:03:48.608396179+00:00
50056,naive_pqc,550.0,intra_plane,128,3.00,1280,32306,690.882,true,none,0,11,9,5037,4953,2026-08-26T19:03:49.458270423+00:00
50057,naive_pqc,550.0,intra_plane,128,3.00,1280,32306,690.855,true,none,0,11,9,5037,4953,2026-08-26T19:03:50.339422683+00:00
50058,naive_pqc,550.0,intra_plane,128,3.00,1280,32306,953.497,true,none,1,12,9,6317,4953,2026-08-26T19:03:51.451276765+00:00
50059,naive_pqc,550.0,intra_plane,128,3.00,1280,32306,690.703,true,none,0,11,9,5037,4953,2026-08-26T19:03:52.302612235+00:00
50060,naive_pqc,550.0,intra_plane,128,3.00,1280,32306,690.984,true,none,0,11,9,5037,4953,2026-08-26T19:03:53.152581817+00:00
50061,naive_pqc,550.0,intra_plane,128,3.00,1500,32306,965.905,true,none,0,11,9,5037,4953,2026-08-26T19:03:54.289068671+00:00
50062,naive_pqc,550.0,intra_plane,128,3.00,1500,32306,971.742,true,none,1,12,9,6537,4953,2026-08-26T19:03:55.419982291+00:00
50063,naive_pqc,550.0,intra_plane,128,3.00,1500,32306,703.524,true,none,0,11,9,5037,4953,2026-08-26T19:03:56.286716610+00:00
50064,naive_pqc,550.0,intra_plane,128,3.00,1500,32306,968.396,true,none,0,11,8,5037,4941,2026-08-26T19:03:57.418713224+00:00
50065,naive_pqc,550.0,intra_plane,128,3.00,1500,32306,965.825,true,none,0,11,9,5037,4953,2026-08-26T19:03:58.571675872+00:00
50066,naive_pqc,550.0,intra_plane,128,3.00,1500,32306,971.659,true,none,1,12,9,6537,4953,2026-08-26T19:03:59.743916752+00:00
50067,naive_pqc,550.0,intra_plane,128,3.00,1500,32306,703.700,true,none,0,11,8,5037,4941,2026-08-26T19:04:00.611001152+00:00
50068,naive_pqc,550.0,intra_plane,128,3.00,1500,32306,703.499,true,none,0,11,9,5037,4953,2026-08-26T19:04:01.474151696+00:00
50069,naive_pqc,550.0,intra_plane,128,3.00,1500,32306,965.949,true,none,0,11,9,5037,4953,2026-08-26T19:04:02.599943459+00:00
50070,naive_pqc,550.0,intra_plane,128,3.00,1500,32306,703.728,true,none,0,11,9,5037,4953,2026-08-26T19:04:03.463056335+00:00
50071,naive_pqc,550.0,intra_plane,128,3.00,1500,32306,703.678,true,none,0,11,9,5037,4953,2026-08-26T19:04:04.325948889+00:00
50072,naive_pqc,550.0,intra_plane,128,3.00,1500,32306,975.724,true,none,1,12,9,6537,4953,2026-08-26T19:04:05.461247344+00:00
50073,naive_pqc,550.0,intra_plane,128,3.00,1500,32306,1063.604,true,none,0,11,9,5037,4953,2026-08-26T19:04:06.683753695+00:00
50074,naive_pqc,550.0,intra_plane,128,3.00,1500,32306,700.217,true,none,0,11,9,5037,4953,2026-08-26T19:04:07.542909255+00:00
50075,naive_pqc,550.0,intra_plane,128,3.00,1500,32306,1088.277,true,none,0,12,10,5049,6453,2026-08-26T19:04:08.792775178+00:00
50076,naive_pqc,550.0,intra_plane,128,3.00,1500,32306,1027.077,true,none,2,13,9,6609,4953,2026-08-26T19:04:09.978570487+00:00
50077,naive_pqc,550.0,intra_plane,128,3.00,1500,32306,703.439,true,none,0,11,9,5037,4953,2026-08-26T19:04:10.843600701+00:00
50078,naive_pqc,550.0,intra_plane,128,3.00,1500,32306,700.143,true,none,0,11,9,5037,4953,2026-08-26T19:04:11.702165712+00:00
50079,naive_pqc,550.0,intra_plane,128,3.00,1500,32306,703.892,true,none,0,11,9,5037,4953,2026-08-26T19:04:12.593757693+00:00
50080,naive_pqc,550.0,intra_plane,128,3.00,1500,32306,703.477,true,none,0,11,9,5037,4953,2026-08-26T19:04:13.527515487+00:00
50081,orbit_pqc,550.0,intra_plane,128,3.00,256,7899,66.199,true,none,0,5,3,116,64,2026-08-26T19:04:13.787364366+00:00
50082,orbit_pqc,550.0,intra_plane,128,3.00,256,7899,62.917,true,none,0,5,3,116,64,2026-08-26T19:04:14.010328910+00:00
50083,orbit_pqc,550.0,intra_plane,128,3.00,256,7899,66.338,true,none,0,5,3,116,64,2026-08-26T19:04:14.235209745+00:00
50084,orbit_pqc,550.0,intra_plane,128,3.00,256,7899,66.241,true,none,0,5,3,116,64,2026-08-26T19:04:14.461604278+00:00
50085,orbit_pqc,550.0,intra_plane,128,3.00,256,7899,66.180,true,none,0,5,3,116,64,2026-08-26T19:04:14.693512277+00:00
50086,orbit_pqc,550.0,intra_plane,128,3.00,256,7899,62.901,true,none,0,5,3,116,64,2026-08-26T19:04:14.917840622+00:00
50087,orbit_pqc,550.0,intra_plane,128,3.00,256,7899,66.323,true,none,0,5,3,116,64,2026-08-26T19:04:15.143559828+00:00
50088,orbit_pqc,550.0,intra_plane,128,3.00,256,7899,66.388,true,none,0,5,3,116,64,2026-08-26T19:04:15.370136445+00:00
50089,orbit_pqc,550.0,intra_plane,128,3.00,256,7899,66.447,true,none,0,5,3,116,64,2026-08-26T19:04:15.597530122+00:00
50090,orbit_pqc,550.0,intra_plane,128,3.00,256,7899,66.352,true,none,0,5,3,116,64,2026-08-26T19:04:15.822981879+00:00
50091,orbit_pqc,550.0,intra_plane,128,3.00,256,7899,66.356,true,none,0,5,3,116,64,2026-08-26T19:04:16.049790094+00:00
50092,orbit_pqc,550.0,intra_plane,128,3.00,256,7899,63.002,true,none,0,5,3,116,64,2026-08-26T19:04:16.272804849+00:00
50093,orbit_pqc,550.0,intra_plane,128,3.00,256,7899,66.312,true,none,0,5,3,116,64,2026-08-26T19:04:16.498827125+00:00
50094,orbit_pqc,550.0,intra_plane,128,3.00,256,7899,66.285,true,none,0,5,3,116,64,2026-08-26T19:04:16.726406364+00:00
50095,orbit_pqc,550.0,intra_plane,128,3.00,256,7899,66.524,true,none,0,5,3,116,64,2026-08-26T19:04:16.959571794+00:00
50096,orbit_pqc,550.0,intra_plane,128,3.00,256,7899,63.050,true,none,0,5,3,116,64,2026-08-26T19:04:17.183237694+00:00
50097,orbit_pqc,550.0,intra_plane,128,3.00,256,7899,66.576,true,none,0,5,3,116,64,2026-08-26T19:04:17.410281+00:00
50098,orbit_pqc,550.0,intra_plane,128,3.00,256,7899,63.135,true,none,0,5,3,116,64,2026-08-26T19:04:17.632640320+00:00
50099,orbit_pqc,550.0,intra_plane,128,3.00,256,7899,66.337,true,none,0,5,3,116,64,2026-08-26T19:04:17.859322185+00:00
50100,orbit_pqc,550.0,intra_plane,128,3.00,256,7899,66.242,true,none,0,5,3,116,64,2026-08-26T19:04:18.085262754+00:00
50101,orbit_pqc,550.0,intra_plane,128,3.00,576,7899,63.067,true,none,0,5,3,116,64,2026-08-26T19:04:18.317408445+00:00
50102,orbit_pqc,550.0,intra_plane,128,3.00,576,7899,66.462,true,none,0,5,3,116,64,2026-08-26T19:04:18.544891044+00:00
50103,orbit_pqc,550.0,intra_plane,128,3.00,576,7899,66.226,true,none,0,5,3,116,64,2026-08-26T19:04:18.771345766+00:00
50104,orbit_pqc,550.0,intra_plane,128,3.00,576,7899,62.965,true,none,0,5,3,116,64,2026-08-26T19:04:18.995643944+00:00
50105,orbit_pqc,550.0,intra_plane,128,3.00,576,7899,66.314,true,none,0,5,3,116,64,2026-08-26T19:04:19.222475678+00:00
50106,orbit_pqc,550.0,intra_plane,128,3.00,576,7899,66.237,true,none,0,5,3,116,64,2026-08-26T19:04:19.450732582+00:00
50107,orbit_pqc,550.0,intra_plane,128,3.00,576,7899,66.451,true,none,0,5,3,116,64,2026-08-26T19:04:19.678244744+00:00
50108,orbit_pqc,550.0,intra_plane,128,3.00,576,7899,66.425,true,none,0,5,3,116,64,2026-08-26T19:04:19.906323321+00:00
50109,orbit_pqc,550.0,intra_plane,128,3.00,576,7899,62.928,true,none,0,5,3,116,64,2026-08-26T19:04:20.131577917+00:00
50110,orbit_pqc,550.0,intra_plane,128,3.00,576,7899,66.401,true,none,0,5,3,116,64,2026-08-26T19:04:20.360936167+00:00
50111,orbit_pqc,550.0,intra_plane,128,3.00,576,7899,66.478,true,none,0,5,3,116,64,2026-08-26T19:04:20.624101352+00:00
50112,orbit_pqc,550.0,intra_plane,128,3.00,576,7899,62.780,true,none,0,5,3,116,64,2026-08-26T19:04:20.847200756+00:00
50113,orbit_pqc,550.0,intra_plane,128,3.00,576,7899,127.410,true,none,1,6,3,172,64,2026-08-26T19:04:21.136632373+00:00
50114,orbit_pqc,550.0,intra_plane,128,3.00,576,7899,177.733,true,none,2,7,3,196,64,2026-08-26T19:04:21.474282150+00:00
50115,orbit_pqc,550.0,intra_plane,128,3.00,576,7899,63.107,true,none,0,5,3,116,64,2026-08-26T19:04:21.698431799+00:00
50116,orbit_pqc,550.0,intra_plane,128,3.00,576,7899,66.485,true,none,0,5,3,116,64,2026-08-26T19:04:21.923376146+00:00
50117,orbit_pqc,550.0,intra_plane,128,3.00,576,7899,66.305,true,none,0,5,3,116,64,2026-08-26T19:04:22.149555804+00:00
50118,orbit_pqc,550.0,intra_plane,128,3.00,576,7899,66.427,true,none,0,5,3,116,64,2026-08-26T19:04:22.374567962+00:00
50119,orbit_pqc,550.0,intra_plane,128,3.00,576,7899,127.591,true,none,1,6,3,172,64,2026-08-26T19:04:22.661885542+00:00
50120,orbit_pqc,550.0,intra_plane,128,3.00,576,7899,66.238,true,none,0,5,3,116,64,2026-08-26T19:04:22.889784086+00:00
50121,orbit_pqc,550.0,intra_plane,128,3.00,1280,7899,68.403,true,none,0,5,3,116,64,2026-08-26T19:04:23.150022271+00:00
50122,orbit_pqc,550.0,intra_plane,128,3.00,1280,7899,66.341,true,none,0,5,3,116,64,2026-08-26T19:04:23.454233055+00:00
50123,orbit_pqc,550.0,intra_plane,128,3.00,1280,7899,66.194,true,none,0,5,3,116,64,2026-08-26T19:04:23.690612032+00:00
50124,orbit_pqc,550.0,intra_plane,128,3.00,1280,7899,59.548,true,none,0,5,3,116,64,2026-08-26T19:04:23.925037929+00:00
50125,orbit_pqc,550.0,intra_plane,128,3.00,1280,7899,117.589,true,none,1,6,3,140,64,2026-08-26T19:04:24.202001286+00:00
50126,orbit_pqc,550.0,intra_plane,128,3.00,1280,7899,66.443,true,none,0,5,3,116,64,2026-08-26T19:04:24.427774408+00:00
50127,orbit_pqc,550.0,intra_plane,128,3.00,1280,7899,66.423,true,none,0,5,3,116,64,2026-08-26T19:04:24.655898731+00:00
50128,orbit_pqc,550.0,intra_plane,128,3.00,1280,7899,66.252,true,none,0,5,3,116,64,2026-08-26T19:04:24.882395488+00:00
50129,orbit_pqc,550.0,intra_plane,128,3.00,1280,7899,66.525,true,none,0,5,3,116,64,2026-08-26T19:04:25.109284250+00:00
50130,orbit_pqc,550.0,intra_plane,128,3.00,1280,7899,66.584,true,none,0,5,3,116,64,2026-08-26T19:04:25.335530977+00:00
50131,orbit_pqc,550.0,intra_plane,128,3.00,1280,7899,63.085,true,none,0,5,3,116,64,2026-08-26T19:04:25.558219620+00:00
50132,orbit_pqc,550.0,intra_plane,128,3.00,1280,7899,66.378,true,none,0,5,3,116,64,2026-08-26T19:04:25.783605738+00:00
50133,orbit_pqc,550.0,intra_plane,128,3.00,1280,7899,66.395,true,none,0,5,3,116,64,2026-08-26T19:04:26.009249477+00:00
50134,orbit_pqc,550.0,intra_plane,128,3.00,1280,7899,63.051,true,none,0,5,3,116,64,2026-08-26T19:04:26.235234336+00:00
50135,orbit_pqc,550.0,intra_plane,128,3.00,1280,7899,67.199,true,none,0,5,3,116,64,2026-08-26T19:04:26.461316355+00:00
50136,orbit_pqc,550.0,intra_plane,128,3.00,1280,7899,66.850,true,none,0,5,3,116,64,2026-08-26T19:04:26.727385256+00:00
50137,orbit_pqc,550.0,intra_plane,128,3.00,1280,7899,67.489,true,none,0,5,3,116,64,2026-08-26T19:04:26.977255905+00:00
50138,orbit_pqc,550.0,intra_plane,128,3.00,1280,7899,66.106,true,none,0,5,3,116,64,2026-08-26T19:04:27.229833190+00:00
50139,orbit_pqc,550.0,intra_plane,128,3.00,1280,7899,117.220,true,none,1,6,3,140,64,2026-08-26T19:04:27.514591994+00:00
50140,orbit_pqc,550.0,intra_plane,128,3.00,1280,7899,62.952,true,none,0,5,3,116,64,2026-08-26T19:04:27.771138239+00:00
50141,orbit_pqc,550.0,intra_plane,128,3.00,1500,7899,66.939,true,none,0,5,3,116,64,2026-08-26T19:04:28.077005748+00:00
50142,orbit_pqc,550.0,intra_plane,128,3.00,1500,7899,66.263,true,none,0,5,3,116,64,2026-08-26T19:04:28.365829014+00:00
50143,orbit_pqc,550.0,intra_plane,128,3.00,1500,7899,66.282,true,none,0,5,3,116,64,2026-08-26T19:04:28.604417644+00:00
50144,orbit_pqc,550.0,intra_plane,128,3.00,1500,7899,66.139,true,none,0,5,3,116,64,2026-08-26T19:04:28.839370677+00:00
50145,orbit_pqc,550.0,intra_plane,128,3.00,1500,7899,117.747,true,none,1,6,3,140,64,2026-08-26T19:04:29.116076115+00:00
50146,orbit_pqc,550.0,intra_plane,128,3.00,1500,7899,66.328,true,none,0,5,3,116,64,2026-08-26T19:04:29.341590965+00:00
50147,orbit_pqc,550.0,intra_plane,128,3.00,1500,7899,62.990,true,none,0,5,3,116,64,2026-08-26T19:04:29.563728226+00:00
50148,orbit_pqc,550.0,intra_plane,128,3.00,1500,7899,63.086,true,none,0,5,3,116,64,2026-08-26T19:04:29.786372536+00:00
50149,orbit_pqc,550.0,intra_plane,128,3.00,1500,7899,66.408,true,none,0,5,3,116,64,2026-08-26T19:04:30.012222885+00:00
50150,orbit_pqc,550.0,intra_plane,128,3.00,1500,7899,66.333,true,none,0,5,3,116,64,2026-08-26T19:04:30.238724317+00:00
50151,orbit_pqc,550.0,intra_plane,128,3.00,1500,7899,66.426,true,none,0,5,3,116,64,2026-08-26T19:04:30.467545589+00:00
50152,orbit_pqc,550.0,intra_plane,128,3.00,1500,7899,66.479,true,none,0,5,3,116,64,2026-08-26T19:04:30.692989453+00:00
50153,orbit_pqc,550.0,intra_plane,128,3.00,1500,7899,66.358,true,none,0,5,3,116,64,2026-08-26T19:04:30.920962215+00:00
50154,orbit_pqc,550.0,intra_plane,128,3.00,1500,7899,66.385,true,none,0,5,3,116,64,2026-08-26T19:04:31.145539977+00:00
50155,orbit_pqc,550.0,intra_plane,128,3.00,1500,7899,248.821,true,none,2,7,3,228,64,2026-08-26T19:04:31.553444830+00:00
50156,orbit_pqc,550.0,intra_plane,128,3.00,1500,7899,66.261,true,none,0,5,3,116,64,2026-08-26T19:04:31.778545420+00:00
50157,orbit_pqc,550.0,intra_plane,128,3.00,1500,7899,63.113,true,none,0,5,3,116,64,2026-08-26T19:04:32.005790139+00:00
50158,orbit_pqc,550.0,intra_plane,128,3.00,1500,7899,127.464,true,none,1,6,3,172,64,2026-08-26T19:04:32.295520264+00:00
50159,orbit_pqc,550.0,intra_plane,128,3.00,1500,7899,66.468,true,none,0,5,3,116,64,2026-08-26T19:04:32.521640700+00:00
50160,orbit_pqc,550.0,intra_plane,128,3.00,1500,7899,62.926,true,none,0,5,3,116,64,2026-08-26T19:04:32.745166490+00:00
