time_s,altitude_km,pass_phase,slant_range_km,delay_ms,rel_velocity_kms,loss_pct,los
0.0,550.0,ingress,2938.91,9.803,0.001,2.53,True
0.1,550.0,ingress,2938.91,9.803,0.001,2.53,True
0.2,550.0,ingress,2938.91,9.803,0.001,2.53,True
0.3,550.0,ingress,2938.91,9.803,0.0,2.53,True
0.4,550.0,ingress,2938.91,9.803,0.0,2.53,True
0.5,550.0,ingress,2938.91,9.803,0.0,2.53,True
0.6,550.0,ingress,2938.91,9.803,0.0,2.53,True
0.7,550.0,ingress,2938.91,9.803,-0.0,2.53,True
0.8,550.0,ingress,2938.91,9.803,-0.0,2.53,True
0.9,550.0,ingress,2938.91,9.803,-0.0,2.53,True
1.0,550.0,ingress,2938.91,9.803,-0.0,2.53,True
1.1,550.0,ingress,2938.91,9.803,-0.001,2.53,True
1.2,550.0,ingress,2938.91,9.803,-0.001,2.53,True
1.3,550.0,ingress,2938.91,9.803,-0.001,2.53,True
1.4,550.0,ingress,2938.91,9.803,-0.001,2.53,True
1.5,550.0,ingress,2938.91,9.803,-0.001,2.53,True
1.6,550.0,ingress,2938.91,9.803,-0.001,2.53,True
1.7,550.0,ingress,2938.91,9.803,-0.001,2.53,True
1.8,550.0,ingress,2938.91,9.803,-0.001,2.53,True
1.9,550.0,ingress,2938.91,9.803,-0.002,2.53,True
2.0,550.0,ingress,2938.91,9.803,-0.002,2.53,True
2.1,550.0,ingress,2938.91,9.803,-0.002,2.53,True
2.2,550.0,ingress,2938.91,9.803,-0.002,2.53,True
2.3,550.0,ingress,2938.91,9.803,-0.002,2.53,True
2.4,550.0,ingress,2938.91,9.803,-0.002,2.53,True
2.5,550.0,ingress,2938.91,9.803,-0.002,2.53,True
2.6,550.0,ingress,2938.91,9.803,-0.002,2.53,True
2.7,550.0,ingress,2938.91,9.803,-0.003,2.53,True
2.8,550.0,ingress,2938.91,9.803,-0.003,2.53,True
2.9,550.0,ingress,2938.91,9.803,-0.003,2.53,True
3.0,550.0,ingress,2938.91,9.803,-0.003,2.53,True
3.1,550.0,ingress,2938.9,9.803,-0.003,2.53,True
3.2,550.0,ingress,2938.9,9.803,-0.003,2.53,True
3.3,550.0,ingress,2938.9,9.803,-0.003,2.53,True
3.4,550.0,ingress,2938.9,9.803,-0.003,2.53,True
3.5,550.0,ingress,2938.9,9.803,-0.004,2.53,True
3.6,550.0,ingress,2938.9,9.803,-0.004,2.53,True
3.7,550.0,ingress,2938.9,9.803,-0.004,2.53,True
3.8,550.0,ingress,2938.9,9.803,-0.004,2.53,True
3.9,550.0,ingress,2938.9,9.803,-0.004,2.53,True
4.0,550.0,ingress,2938.9,9.803,-0.004,2.53,True
4.1,550.0,ingress,2938.9,9.803,-0.004,2.53,True
4.2,550.0,ingress,2938.9,9.803,-0.004,2.53,True
4.3,550.0,ingress,2938.9,9.803,-0.004,2.53,True
4.4,550.0,ingress,2938.9,9.803,-0.005,2.53,True
4.5,550.0,ingress,2938.9,9.803,-0.005,2.53,True
4.6,550.0,ingress,2938.9,9.803,-0.005,2.53,True
4.7,550.0,ingress,2938.9,9.803,-0.005,2.53,True
4.8,550.0,ingress,2938.9,9.803,-0.005,2.53,True
4.9,550.0,ingress,2938.9,9.803,-0.005,2.53,True
5.0,550.0,ingress,2938.9,9.803,-0.005,2.53,True
5.1,550.0,ingress,2938.9,9.803,-0.005,2.53,True
5.2,550.0,ingress,2938.9,9.803,-0.006,2.53,True
5.3,550.0,ingress,2938.9,9.803,-0.006,2.53,True
5.4,550.0,ingress,2938.89,9.803,-0.006,2.53,True
5.5,550.0,ingress,2938.89,9.803,-0.006,2.53,True
5.6,550.0,ingress,2938.89,9.803,-0.006,2.53,True
5.7,550.0,ingress,2938.89,9.803,-0.006,2.53,True
5.8,550.0,ingress,2938.89,9.803,-0.006,2.53,True
5.9,550.0,ingress,2938.89,9.803,-0.006,2.53,True
6.0,550.0,ingress,2938.89,9.803,-0.007,2.53,True
6.1,550.0,ingress,2938.89,9.803,-0.007,2.53,True
6.2,550.0,ingress,2938.89,9.803,-0.007,2.53,True
6.3,550.0,ingress,2938.89,9.803,-0.007,2.53,True
6.4,550.0,ingress,2938.89,9.803,-0.007,2.53,True
6.5,550.0,ingress,2938.89,9.803,-0.007,2.53,True
6.6,550.0,ingress,2938.89,9.803,-0.007,2.53,True
6.7,550.0,ingress,2938.89,9.803,-0.007,2.53,True
6.8,550.0,ingress,2938.89,9.803,-0.008,2.53,True
6.9,550.0,ingress,2938.88,9.803,-0.008,2.53,True
7.0,550.0,ingress,2938.88,9.803,-0.008,2.53,True
7.1,550.0,ingress,2938.88,9.803,-0.008,2.53,True
7.2,550.0,ingress,2938.88,9.803,-0.008,2.53,True
7.3,550.0,ingress,2938.88,9.803,-0.008,2.53,True
7.4,550.0,ingress,2938.88,9.803,-0.008,2.53,True
7.5,550.0,ingress,2938.88,9.803,-0.008,2.53,True
7.6,550.0,ingress,2938.88,9.803,-0.009,2.53,True
7.7,550.0,ingress,2938.88,9.803,-0.009,2.53,True
7.8,550.0,ingress,2938.88,9.803,-0.009,2.53,True
7.9,550.0,ingress,2938.88,9.803,-0.009,2.53,True
8.0,550.0,ingress,2938.88,9.803,-0.009,2.53,True
8.1,550.0,ingress,2938.87,9.803,-0.009,2.53,True
8.2,550.0,ingress,2938.87,9.803,-0.009,2.53,True
8.3,550.0,ingress,2938.87,9.803,-0.009,2.53,True
8.4,550.0,ingress,2938.87,9.803,-0.01,2.53,True
8.5,550.0,ingress,2938.87,9.803,-0.01,2.53,True
8.6,550.0,ingress,2938.87,9.803,-0.01,2.53,True
8.7,550.0,ingress,2938.87,9.803,-0.01,2.53,True
8.8,550.0,ingress,2938.87,9.803,-0.01,2.53,True
8.9,550.0,ingress,2938.87,9.803,-0.01,2.53,True
9.0,550.0,ingress,2938.87,9.803,-0.01,2.53,True
9.1,550.0,ingress,2938.86,9.803,-0.01,2.53,True
9.2,550.0,ingress,2938.86,9.803,-0.011,2.53,True
9.3,550.0,ingress,2938.86,9.803,-0.011,2.53,True
9.4,550.0,ingress,2938.86,9.803,-0.011,2.53,True
9.5,550.0,ingress,2938.86,9.803,-0.011,2.53,True
9.6,550.0,ingress,2938.86,9.803,-0.011,2.53,True
9.7,550.0,ingress,2938.86,9.803,-0.011,2.53,True
9.8,550.0,ingress,2938.86,9.803,-0.011,2.53,True
9.9,550.0,ingress,2938.86,9.803,-0.011,2.53,True
10.0,550.0,ingress,2938.85,9.803,-0.011,2.53,True
10.1,550.0,ingress,2938.85,9.803,-0.012,2.53,True
10.2,550.0,ingress,2938.85,9.803,-0.012,2.53,True
10.3,550.0,ingress,2938.85,9.803,-0.012,2.53,True
10.4,550.0,ingress,2938.85,9.803,-0.012,2.53,True
10.5,550.0,ingress,2938.85,9.803,-0.012,2.53,True
10.6,550.0,ingress,2938.85,9.803,-0.012,2.53,True
10.7,550.0,ingress,2938.85,9.803,-0.012,2.53,True
10.8,550.0,ingress,2938.85,9.803,-0.012,2.53,True
10.9,550.0,ingress,2938.84,9.803,-0.013,2.53,True
11.0,550.0,ingress,2938.84,9.803,-0.013,2.53,True
11.1,550.0,ingress,2938.84,9.803,-0.013,2.53,True
11.2,550.0,ingress,2938.84,9.803,-0.013,2.53,True
11.3,550.0,ingress,2938.84,9.803,-0.013,2.53,True
11.4,550.0,ingress,2938.84,9.803,-0.013,2.53,True
11.5,550.0,ingress,2938.84,9.803,-0.013,2.53,True
11.6,550.0,ingress,2938.83,9.803,-0.013,2.53,True
11.7,550.0,ingress,2938.83,9.803,-0.014,2.53,True
11.8,550.0,ingress,2938.83,9.803,-0.014,2.53,True
11.9,550.0,ingress,2938.83,9.803,-0.014,2.53,True
12.0,550.0,ingress,2938.83,9.803,-0.014,2.53,True
12.1,550.0,ingress,2938.83,9.803,-0.014,2.53,True
12.2,550.0,ingress,2938.83,9.803,-0.014,2.53,True
12.3,550.0,ingress,2938.83,9.803,-0.014,2.53,True
12.4,550.0,ingress,2938.82,9.803,-0.014,2.53,True
12.5,550.0,ingress,2938.82,9.803,-0.015,2.53,True
12.6,550.0,ingress,2938.82,9.803,-0.015,2.53,True
12.7,550.0,ingress,2938.82,9.803,-0.015,2.53,True
12.8,550.0,ingress,2938.82,9.803,-0.015,2.53,True
12.9,550.0,ingress,2938.82,9.803,-0.015,2.53,True
13.0,550.0,ingress,2938.81,9.803,-0.015,2.53,True
13.1,550.0,ingress,2938.81,9.803,-0.015,2.53,True
13.2,550.0,ingress,2938.81,9.803,-0.015,2.53,True
13.3,550.0,ingress,2938.81,9.803,-0.016,2.53,True
13.4,550.0,ingress,2938.81,9.803,-0.016,2.53,True
13.5,550.0,ingress,2938.81,9.803,-0.016,2.53,True
13.6,550.0,ingress,2938.81,9.803,-0.016,2.53,True
13.7,550.0,ingress,2938.8,9.803,-0.016,2.53,True
13.8,550.0,ingress,2938.8,9.803,-0.016,2.53,True
13.9,550.0,ingress,2938.8,9.803,-0.016,2.53,True
14.0,550.0,ingress,2938.8,9.803,-0.016,2.53,True
14.1,550.0,ingress,2938.8,9.803,-0.017,2.53,True
14.2,550.0,ingress,2938.8,9.803,-0.017,2.53,True
14.3,550.0,ingress,2938.79,9.803,-0.017,2.53,True
14.4,550.0,ingress,2938.79,9.803,-0.017,2.53,True
14.5,550.0,ingress,2938.79,9.803,-0.017,2.53,True
14.6,550.0,ingress,2938.79,9.803,-0.017,2.53,True
14.7,550.0,ingress,2938.79,9.803,-0.017,2.53,True
14.8,550.0,ingress,2938.79,9.803,-0.017,2.53,True
14.9,550.0,ingress,2938.78,9.803,-0.017,2.53,True
15.0,550.0,ingress,2938.78,9.803,-0.018,2.53,True
15.1,550.0,ingress,2938.78,9.803,-0.018,2.53,True
15.2,550.0,ingress,2938.78,9.803,-0.018,2.53,True
15.3,550.0,ingress,2938.78,9.803,-0.018,2.53,True
15.4,550.0,ingress,2938.78,9.803,-0.018,2.53,True
15.5,550.0,ingress,2938.77,9.803,-0.018,2.53,True
15.6,550.0,ingress,2938.77,9.803,-0.018,2.53,True
15.7,550.0,ingress,2938.77,9.803,-0.018,2.53,True
15.8,550.0,ingress,2938.77,9.803,-0.019,2.53,True
15.9,550.0,ingress,2938.77,9.803,-0.019,2.53,True
16.0,550.0,ingress,2938.76,9.803,-0.019,2.53,True
16.1,550.0,ingress,2938.76,9.803,-0.019,2.53,True
16.2,550.0,ingress,2938.76,9.803,-0.019,2.53,True
16.3,550.0,ingress,2938.76,9.803,-0.019,2.53,True
16.4,550.0,ingress,2938.76,9.803,-0.019,2.53,True
16.5,550.0,ingress,2938.75,9.803,-0.019,2.53,True
16.6,550.0,ingress,2938.75,9.803,-0.02,2.53,True
16.7,550.0,ingress,2938.75,9.803,-0.02,2.53,True
16.8,550.0,ingress,2938.75,9.803,-0.02,2.53,True
16.9,550.0,ingress,2938.75,9.803,-0.02,2.53,True
17.0,550.0,ingress,2938.74,9.803,-0.02,2.53,True
17.1,550.0,ingress,2938.74,9.803,-0.02,2.53,True
17.2,550.0,ingress,2938.74,9.803,-0.02,2.53,True
17.3,550.0,ingress,2938.74,9.803,-0.02,2.53,True
17.4,550.0,ingress,2938.74,9.803,-0.021,2.53,True
17.5,550.0,ingress,2938.73,9.803,-0.021,2.53,True
17.6,550.0,ingress,2938.73,9.803,-0.021,2.53,True
17.7,550.0,ingress,2938.73,9.803,-0.021,2.53,True
17.8,550.0,ingress,2938.73,9.803,-0.021,2.53,True
17.9,550.0,ingress,2938.73,9.803,-0.021,2.53,True
18.0,550.0,ingress,2938.72,9.803,-0.021,2.53,True
18.1,550.0,ingress,2938.72,9.803,-0.021,2.53,True
18.2,550.0,ingress,2938.72,9.803,-0.022,2.53,True
18.3,550.0,ingress,2938.72,9.803,-0.022,2.53,True
18.4,550.0,ingress,2938.72,9.802,-0.022,2.53,True
18.5,550.0,ingress,2938.71,9.802,-0.022,2.53,True
18.6,550.0,ingress,2938.71,9.802,-0.022,2.53,True
18.7,550.0,ingress,2938.71,9.802,-0.022,2.53,True
18.8,550.0,ingress,2938.71,9.802,-0.022,2.53,True
18.9,550.0,ingress,2938.7,9.802,-0.022,2.53,True
19.0,550.0,ingress,2938.7,9.802,-0.023,2.53,True
19.1,550.0,ingress,2938.7,9.802,-0.023,2.53,True
19.2,550.0,ingress,2938.7,9.802,-0.023,2.53,True
19.3,550.0,ingress,2938.7,9.802,-0.023,2.53,True
19.4,550.0,ingress,2938.69,9.802,-0.023,2.53,True
19.5,550.0,ingress,2938.69,9.802,-0.023,2.53,True
19.6,550.0,ingress,2938.69,9.802,-0.023,2.53,True
19.7,550.0,ingress,2938.69,9.802,-0.023,2.53,True
19.8,550.0,ingress,2938.68,9.802,-0.023,2.53,True
19.9,550.0,ingress,2938.68,9.802,-0.024,2.53,True
20.0,550.0,ingress,2938.68,9.802,-0.024,2.53,True
20.1,550.0,ingress,2938.68,9.802,-0.024,2.53,True
20.2,550.0,ingress,2938.67,9.802,-0.024,2.53,True
20.3,550.0,ingress,2938.67,9.802,-0.024,2.53,True
20.4,550.0,ingress,2938.67,9.802,-0.024,2.53,True
20.5,550.0,ingress,2938.67,9.802,-0.024,2.53,True
20.6,550.0,ingress,2938.66,9.802,-0.024,2.53,True
20.7,550.0,ingress,2938.66,9.802,-0.025,2.53,True
20.8,550.0,ingress,2938.66,9.802,-0.025,2.53,True
20.9,550.0,ingress,2938.66,9.802,-0.025,2.53,True
21.0,550.0,ingress,2938.65,9.802,-0.025,2.53,True
21.1,550.0,ingress,2938.65,9.802,-0.025,2.53,True
21.2,550.0,ingress,2938.65,9.802,-0.025,2.53,True
21.3,550.0,ingress,2938.65,9.802,-0.025,2.53,True
21.4,550.0,ingress,2938.64,9.802,-0.025,2.53,True
21.5,550.0,ingress,2938.64,9.802,-0.026,2.53,True
21.6,550.0,ingress,2938.64,9.802,-0.026,2.53,True
21.7,550.0,ingress,2938.64,9.802,-0.026,2.53,True
21.8,550.0,ingress,2938.63,9.802,-0.026,2.53,True
21.9,550.0,ingress,2938.63,9.802,-0.026,2.53,True
22.0,550.0,ingress,2938.63,9.802,-0.026,2.53,True
22.1,550.0,ingress,2938.63,9.802,-0.026,2.53,True
22.2,550.0,ingress,2938.62,9.802,-0.026,2.53,True
22.3,550.0,ingress,2938.62,9.802,-0.027,2.53,True
22.4,550.0,ingress,2938.62,9.802,-0.027,2.53,True
22.5,550.0,ingress,2938.62,9.802,-0.027,2.53,True
22.6,550.0,ingress,2938.61,9.802,-0.027,2.53,True
22.7,550.0,ingress,2938.61,9.802,-0.027,2.53,True
22.8,550.0,ingress,2938.61,9.802,-0.027,2.53,True
22.9,550.0,ingress,2938.6,9.802,-0.027,2.53,True
23.0,550.0,ingress,2938.6,9.802,-0.027,2.53,True
23.1,550.0,ingress,2938.6,9.802,-0.028,2.53,True
23.2,550.0,ingress,2938.6,9.802,-0.028,2.53,True
23.3,550.0,ingress,2938.59,9.802,-0.028,2.53,True
23.4,550.0,ingress,2938.59,9.802,-0.028,2.53,True
23.5,550.0,ingress,2938.59,9.802,-0.028,2.53,True
23.6,550.0,ingress,2938.59,9.802,-0.028,2.53,True
23.7,550.0,ingress,2938.58,9.802,-0.028,2.53,True
23.8,550.0,ingress,2938.58,9.802,-0.028,2.53,True
23.9,550.0,ingress,2938.58,9.802,-0.029,2.53,True
24.0,550.0,ingress,2938.57,9.802,-0.029,2.53,True
24.1,550.0,ingress,2938.57,9.802,-0.029,2.53,True
24.2,550.0,ingress,2938.57,9.802,-0.029,2.53,True
24.3,550.0,ingress,2938.57,9.802,-0.029,2.53,True
24.4,550.0,ingress,2938.56,9.802,-0.029,2.53,True
24.5,550.0,ingress,2938.56,9.802,-0.029,2.53,True
24.6,550.0,ingress,2938.56,9.802,-0.029,2.53,True
24.7,550.0,ingress,2938.55,9.802,-0.03,2.53,True
24.8,550.0,ingress,2938.55,9.802,-0.03,2.53,True
24.9,550.0,ingress,2938.55,9.802,-0.03,2.53,True
25.0,550.0,ingress,2938.54,9.802,-0.03,2.53,True
25.1,550.0,ingress,2938.54,9.802,-0.03,2.53,True
25.2,550.0,ingress,2938.54,9.802,-0.03,2.53,True
25.3,550.0,ingress,2938.54,9.802,-0.03,2.53,True
25.4,550.0,ingress,2938.53,9.802,-0.03,2.53,True
25.5,550.0,ingress,2938.53,9.802,-0.03,2.53,True
25.6,550.0,ingress,2938.53,9.802,-0.031,2.53,True
25.7,550.0,ingress,2938.52,9.802,-0.031,2.53,True
25.8,550.0,ingress,2938.52,9.802,-0.031,2.53,True
25.9,550.0,ingress,2938.52,9.802,-0.031,2.53,True
26.0,550.0,ingress,2938.51,9.802,-0.031,2.53,True
26.1,550.0,ingress,2938.51,9.802,-0.031,2.53,True
26.2,550.0,ingress,2938.51,9.802,-0.031,2.53,True
26.3,550.0,ingress,2938.5,9.802,-0.031,2.53,True
26.4,550.0,ingress,2938.5,9.802,-0.032,2.53,True
26.5,550.0,ingress,2938.5,9.802,-0.032,2.53,True
26.6,550.0,ingress,2938.5,9.802,-0.032,2.53,True
26.7,550.0,ingress,2938.49,9.802,-0.032,2.53,True
26.8,550.0,ingress,2938.49,9.802,-0.032,2.53,True
26.9,550.0,ingress,2938.49,9.802,-0.032,2.53,True
27.0,550.0,ingress,2938.48,9.802,-0.032,2.53,True
27.1,550.0,ingress,2938.48,9.802,-0.032,2.53,True
27.2,550.0,ingress,2938.48,9.802,-0.033,2.53,True
27.3,550.0,ingress,2938.47,9.802,-0.033,2.53,True
27.4,550.0,ingress,2938.47,9.802,-0.033,2.53,True
27.5,550.0,ingress,2938.47,9.802,-0.033,2.53,True
27.6,550.0,ingress,2938.46,9.802,-0.033,2.53,True
27.7,550.0,ingress,2938.46,9.802,-0.033,2.53,True
27.8,550.0,ingress,2938.46,9.802,-0.033,2.53,True
27.9,550.0,ingress,2938.45,9.802,-0.033,2.53,True
28.0,550.0,ingress,2938.45,9.802,-0.034,2.53,True
28.1,550.0,ingress,2938.45,9.802,-0.034,2.53,True
28.2,550.0,ingress,2938.44,9.802,-0.034,2.53,True
28.3,550.0,ingress,2938.44,9.802,-0.034,2.53,True
28.4,550.0,ingress,2938.44,9.802,-0.034,2.53,True
28.5,550.0,ingress,2938.43,9.802,-0.034,2.53,True
28.6,550.0,ingress,2938.43,9.802,-0.034,2.53,True
28.7,550.0,ingress,2938.43,9.802,-0.034,2.53,True
28.8,550.0,ingress,2938.42,9.802,-0.035,2.53,True
28.9,550.0,ingress,2938.42,9.802,-0.035,2.53,True
29.0,550.0,ingress,2938.42,9.801,-0.035,2.53,True
29.1,550.0,ingress,2938.41,9.801,-0.035,2.53,True
29.2,550.0,ingress,2938.41,9.801,-0.035,2.53,True
29.3,550.0,ingress,2938.4,9.801,-0.035,2.53,True
29.4,550.0,ingress,2938.4,9.801,-0.035,2.53,True
29.5,550.0,ingress,2938.4,9.801,-0.035,2.53,True
29.6,550.0,ingress,2938.39,9.801,-0.036,2.53,True
29.7,550.0,ingress,2938.39,9.801,-0.036,2.53,True
29.8,550.0,zenith,2938.39,9.801,-0.036,2.53,True
29.9,550.0,zenith,2938.38,9.801,-0.036,2.53,True
30.0,550.0,zenith,2938.38,9.801,-0.036,2.53,True
30.1,550.0,zenith,2938.38,9.801,-0.036,2.53,True
30.2,550.0,zenith,2938.37,9.801,-0.036,2.53,True
30.3,550.0,zenith,2938.37,9.801,-0.036,2.53,True
30.4,550.0,zenith,2938.37,9.801,-0.036,2.53,True
30.5,550.0,zenith,2938.36,9.801,-0.037,2.53,True
30.6,550.0,zenith,2938.36,9.801,-0.037,2.53,True
30.7,550.0,zenith,2938.35,9.801,-0.037,2.53,True
30.8,550.0,zenith,2938.35,9.801,-0.037,2.53,True
30.9,550.0,zenith,2938.35,9.801,-0.037,2.53,True
31.0,550.0,zenith,2938.34,9.801,-0.037,2.53,True
31.1,550.0,zenith,2938.34,9.801,-0.037,2.53,True
31.2,550.0,zenith,2938.34,9.801,-0.037,2.53,True
31.3,550.0,zenith,2938.33,9.801,-0.038,2.53,True
31.4,550.0,zenith,2938.33,9.801,-0.038,2.53,True
31.5,550.0,zenith,2938.32,9.801,-0.038,2.53,True
31.6,550.0,zenith,2938.32,9.801,-0.038,2.53,True
31.7,550.0,zenith,2938.32,9.801,-0.038,2.53,True
31.8,550.0,zenith,2938.31,9.801,-0.038,2.53,True
31.9,550.0,zenith,2938.31,9.801,-0.038,2.53,True
32.0,550.0,zenith,2938.31,9.801,-0.038,2.53,True
32.1,550.0,zenith,2938.3,9.801,-0.039,2.53,True
32.2,550.0,zenith,2938.3,9.801,-0.039,2.53,True
32.3,550.0,zenith,2938.29,9.801,-0.039,2.53,True
32.4,550.0,zenith,2938.29,9.801,-0.039,2.53,True
32.5,550.0,zenith,2938.29,9.801,-0.039,2.53,True
32.6,550.0,zenith,2938.28,9.801,-0.039,2.53,True
32.7,550.0,zenith,2938.28,9.801,-0.039,2.53,True
32.8,550.0,zenith,2938.27,9.801,-0.039,2.53,True
32.9,550.0,zenith,2938.27,9.801,-0.04,2.53,True
33.0,550.0,zenith,2938.27,9.801,-0.04,2.53,True
33.1,550.0,zenith,2938.26,9.801,-0.04,2.53,True
33.2,550.0,zenith,2938.26,9.801,-0.04,2.53,True
33.3,550.0,zenith,2938.25,9.801,-0.04,2.53,True
33.4,550.0,zenith,2938.25,9.801,-0.04,2.53,True
33.5,550.0,zenith,2938.25,9.801,-0.04,2.53,True
33.6,550.0,zenith,2938.24,9.801,-0.04,2.53,True
33.7,550.0,zenith,2938.24,9.801,-0.041,2.53,True
33.8,550.0,zenith,2938.23,9.801,-0.041,2.53,True
33.9,550.0,zenith,2938.23,9.801,-0.041,2.53,True
34.0,550.0,zenith,2938.23,9.801,-0.041,2.53,True
34.1,550.0,zenith,2938.22,9.801,-0.041,2.53,True
34.2,550.0,zenith,2938.22,9.801,-0.041,2.53,True
34.3,550.0,zenith,2938.21,9.801,-0.041,2.53,True
34.4,550.0,zenith,2938.21,9.801,-0.041,2.53,True
34.5,550.0,zenith,2938.21,9.801,-0.042,2.53,True
34.6,550.0,zenith,2938.2,9.801,-0.042,2.53,True
34.7,550.0,zenith,2938.2,9.801,-0.042,2.53,True
34.8,550.0,zenith,2938.19,9.801,-0.042,2.53,True
34.9,550.0,zenith,2938.19,9.801,-0.042,2.53,True
35.0,550.0,zenith,2938.18,9.801,-0.042,2.53,True
35.1,550.0,zenith,2938.18,9.801,-0.042,2.53,True
35.2,550.0,zenith,2938.18,9.801,-0.042,2.53,True
35.3,550.0,zenith,2938.17,9.801,-0.042,2.53,True
35.4,550.0,zenith,2938.17,9.801,-0.043,2.53,True
35.5,550.0,zenith,2938.16,9.801,-0.043,2.53,True
35.6,550.0,zenith,2938.16,9.801,-0.043,2.53,True
35.7,550.0,zenith,2938.16,9.801,-0.043,2.53,True
35.8,550.0,zenith,2938.15,9.801,-0.043,2.53,True
35.9,550.0,zenith,2938.15,9.801,-0.043,2.53,True
36.0,550.0,zenith,2938.14,9.801,-0.043,2.53,True
36.1,550.0,zenith,2938.14,9.801,-0.043,2.53,True
36.2,550.0,zenith,2938.13,9.801,-0.044,2.53,True
36.3,550.0,zenith,2938.13,9.801,-0.044,2.53,True
36.4,550.0,zenith,2938.12,9.801,-0.044,2.53,True
36.5,550.0,zenith,2938.12,9.801,-0.044,2.53,True
36.6,550.0,zenith,2938.12,9.8,-0.044,2.53,True
36.7,550.0,zenith,2938.11,9.8,-0.044,2.53,True
36.8,550.0,zenith,2938.11,9.8,-0.044,2.53,True
36.9,550.0,zenith,2938.1,9.8,-0.044,2.53,True
37.0,550.0,zenith,2938.1,9.8,-0.045,2.53,True
37.1,550.0,zenith,2938.09,9.8,-0.045,2.53,True
37.2,550.0,zenith,2938.09,9.8,-0.045,2.53,True
37.3,550.0,zenith,2938.08,9.8,-0.045,2.53,True
37.4,550.0,zenith,2938.08,9.8,-0.045,2.53,True
37.5,550.0,zenith,2938.08,9.8,-0.045,2.53,True
37.6,550.0,zenith,2938.07,9.8,-0.045,2.53,True
37.7,550.0,zenith,2938.07,9.8,-0.045,2.53,True
37.8,550.0,zenith,2938.06,9.8,-0.046,2.53,True
37.9,550.0,zenith,2938.06,9.8,-0.046,2.53,True
38.0,550.0,zenith,2938.05,9.8,-0.046,2.53,True
38.1,550.0,zenith,2938.05,9.8,-0.046,2.53,True
38.2,550.0,zenith,2938.04,9.8,-0.046,2.53,True
38.3,550.0,zenith,2938.04,9.8,-0.046,2.53,True
38.4,550.0,zenith,2938.03,9.8,-0.046,2.53,True
38.5,550.0,zenith,2938.03,9.8,-0.046,2.53,True
38.6,550.0,zenith,2938.03,9.8,-0.047,2.53,True
38.7,550.0,zenith,2938.02,9.8,-0.047,2.53,True
38.8,550.0,zenith,2938.02,9.8,-0.047,2.53,True
38.9,550.0,zenith,2938.01,9.8,-0.047,2.53,True
39.0,550.0,zenith,2938.01,9.8,-0.047,2.53,True
39.1,550.0,zenith,2938.0,9.8,-0.047,2.53,True
39.2,550.0,zenith,2938.0,9.8,-0.047,2.53,True
39.3,550.0,zenith,2937.99,9.8,-0.047,2.53,True
39.4,550.0,zenith,2937.99,9.8,-0.048,2.53,True
39.5,550.0,zenith,2937.98,9.8,-0.048,2.53,True
39.6,550.0,zenith,2937.98,9.8,-0.048,2.53,True
39.7,550.0,zenith,2937.97,9.8,-0.048,2.53,True
39.8,550.0,zenith,2937.97,9.8,-0.048,2.53,True
39.9,550.0,zenith,2937.96,9.8,-0.048,2.53,True
40.0,550.0,zenith,2937.96,9.8,-0.048,2.53,True
40.1,550.0,zenith,2937.95,9.8,-0.048,2.53,True
40.2,550.0,zenith,2937.95,9.8,-0.048,2.53,True
40.3,550.0,zenith,2937.94,9.8,-0.049,2.53,True
40.4,550.0,zenith,2937.94,9.8,-0.049,2.53,True
40.5,550.0,zenith,2937.93,9.8,-0.049,2.53,True
40.6,550.0,zenith,2937.93,9.8,-0.049,2.53,True
40.7,550.0,zenith,2937.92,9.8,-0.049,2.53,True
40.8,550.0,zenith,2937.92,9.8,-0.049,2.53,True
40.9,550.0,zenith,2937.91,9.8,-0.049,2.53,True
41.0,550.0,zenith,2937.91,9.8,-0.049,2.53,True
41.1,550.0,zenith,2937.91,9.8,-0.05,2.53,True
41.2,550.0,zenith,2937.9,9.8,-0.05,2.53,True
41.3,550.0,zenith,2937.9,9.8,-0.05,2.53,True
41.4,550.0,zenith,2937.89,9.8,-0.05,2.53,True
41.5,550.0,zenith,2937.89,9.8,-0.05,2.53,True
41.6,550.0,zenith,2937.88,9.8,-0.05,2.53,True
41.7,550.0,zenith,2937.88,9.8,-0.05,2.53,True
41.8,550.0,zenith,2937.87,9.8,-0.05,2.53,True
41.9,550.0,zenith,2937.87,9.8,-0.051,2.53,True
42.0,550.0,zenith,2937.86,9.8,-0.051,2.53,True
42.1,550.0,zenith,2937.85,9.8,-0.051,2.53,True
42.2,550.0,zenith,2937.85,9.8,-0.051,2.53,True
42.3,550.0,zenith,2937.84,9.8,-0.051,2.53,True
42.4,550.0,zenith,2937.84,9.8,-0.051,2.53,True
42.5,550.0,zenith,2937.83,9.8,-0.051,2.53,True
42.6,550.0,zenith,2937.83,9.8,-0.051,2.53,True
42.7,550.0,zenith,2937.82,9.8,-0.052,2.53,True
42.8,550.0,zenith,2937.82,9.8,-0.052,2.53,True
42.9,550.0,zenith,2937.81,9.799,-0.052,2.53,True
43.0,550.0,zenith,2937.81,9.799,-0.052,2.53,True
43.1,550.0,zenith,2937.8,9.799,-0.052,2.53,True
43.2,550.0,zenith,2937.8,9.799,-0.052,2.53,True
43.3,550.0,zenith,2937.79,9.799,-0.052,2.53,True
43.4,550.0,zenith,2937.79,9.799,-0.052,2.53,True
43.5,550.0,zenith,2937.78,9.799,-0.053,2.53,True
43.6,550.0,zenith,2937.78,9.799,-0.053,2.53,True
43.7,550.0,zenith,2937.77,9.799,-0.053,2.53,True
43.8,550.0,zenith,2937.77,9.799,-0.053,2.53,True
43.9,550.0,zenith,2937.76,9.799,-0.053,2.53,True
44.0,550.0,zenith,2937.76,9.799,-0.053,2.53,True
44.1,550.0,zenith,2937.75,9.799,-0.053,2.53,True
44.2,550.0,zenith,2937.75,9.799,-0.053,2.53,True
44.3,550.0,zenith,2937.74,9.799,-0.053,2.53,True
44.4,550.0,zenith,2937.73,9.799,-0.054,2.53,True
44.5,550.0,zenith,2937.73,9.799,-0.054,2.53,True
44.6,550.0,zenith,2937.72,9.799,-0.054,2.53,True
44.7,550.0,zenith,2937.72,9.799,-0.054,2.53,True
44.8,550.0,zenith,2937.71,9.799,-0.054,2.53,True
44.9,550.0,zenith,2937.71,9.799,-0.054,2.53,True
45.0,550.0,zenith,2937.7,9.799,-0.054,2.53,True
45.1,550.0,zenith,2937.7,9.799,-0.054,2.53,True
45.2,550.0,zenith,2937.69,9.799,-0.055,2.53,True
45.3,550.0,zenith,2937.69,9.799,-0.055,2.53,True
45.4,550.0,zenith,2937.68,9.799,-0.055,2.53,True
45.5,550.0,zenith,2937.68,9.799,-0.055,2.53,True
45.6,550.0,zenith,2937.67,9.799,-0.055,2.53,True
45.7,550.0,zenith,2937.66,9.799,-0.055,2.53,True
45.8,550.0,zenith,2937.66,9.799,-0.055,2.53,True
45.9,550.0,zenith,2937.65,9.799,-0.055,2.53,True
46.0,550.0,zenith,2937.65,9.799,-0.056,2.53,True
46.1,550.0,zenith,2937.64,9.799,-0.056,2.53,True
46.2,550.0,zenith,2937.64,9.799,-0.056,2.53,True
46.3,550.0,zenith,2937.63,9.799,-0.056,2.53,True
46.4,550.0,zenith,2937.63,9.799,-0.056,2.53,True
46.5,550.0,zenith,2937.62,9.799,-0.056,2.53,True
46.6,550.0,zenith,2937.61,9.799,-0.056,2.53,True
46.7,550.0,zenith,2937.61,9.799,-0.056,2.53,True
46.8,550.0,zenith,2937.6,9.799,-0.057,2.53,True
46.9,550.0,zenith,2937.6,9.799,-0.057,2.53,True
47.0,550.0,zenith,2937.59,9.799,-0.057,2.53,True
47.1,550.0,zenith,2937.59,9.799,-0.057,2.53,True
47.2,550.0,zenith,2937.58,9.799,-0.057,2.53,True
47.3,550.0,zenith,2937.57,9.799,-0.057,2.53,True
47.4,550.0,zenith,2937.57,9.799,-0.057,2.53,True
47.5,550.0,zenith,2937.56,9.799,-0.057,2.53,True
47.6,550.0,zenith,2937.56,9.799,-0.058,2.53,True
47.7,550.0,zenith,2937.55,9.799,-0.058,2.53,True
47.8,550.0,zenith,2937.55,9.799,-0.058,2.53,True
47.9,550.0,zenith,2937.54,9.799,-0.058,2.53,True
48.0,550.0,zenith,2937.53,9.799,-0.058,2.53,True
48.1,550.0,zenith,2937.53,9.799,-0.058,2.53,True
48.2,550.0,zenith,2937.52,9.799,-0.058,2.53,True
48.3,550.0,zenith,2937.52,9.799,-0.058,2.53,True
48.4,550.0,zenith,2937.51,9.798,-0.059,2.53,True
48.5,550.0,zenith,2937.5,9.798,-0.059,2.53,True
48.6,550.0,zenith,2937.5,9.798,-0.059,2.53,True
48.7,550.0,zenith,2937.49,9.798,-0.059,2.53,True
48.8,550.0,zenith,2937.49,9.798,-0.059,2.53,True
48.9,550.0,zenith,2937.48,9.798,-0.059,2.53,True
49.0,550.0,zenith,2937.48,9.798,-0.059,2.53,True
49.1,550.0,zenith,2937.47,9.798,-0.059,2.53,True
49.2,550.0,zenith,2937.46,9.798,-0.059,2.53,True
49.3,550.0,zenith,2937.46,9.798,-0.06,2.53,True
49.4,550.0,zenith,2937.45,9.798,-0.06,2.53,True
49.5,550.0,zenith,2937.45,9.798,-0.06,2.53,True
49.6,550.0,zenith,2937.44,9.798,-0.06,2.53,True
49.7,550.0,zenith,2937.43,9.798,-0.06,2.53,True
49.8,550.0,zenith,2937.43,9.798,-0.06,2.53,True
49.9,550.0,zenith,2937.42,9.798,-0.06,2.53,True
50.0,550.0,zenith,2937.42,9.798,-0.06,2.53,True
50.1,550.0,zenith,2937.41,9.798,-0.061,2.53,True
50.2,550.0,zenith,2937.4,9.798,-0.061,2.53,True
50.3,550.0,zenith,2937.4,9.798,-0.061,2.53,True
50.4,550.0,zenith,2937.39,9.798,-0.061,2.53,True
50.5,550.0,zenith,2937.39,9.798,-0.061,2.53,True
50.6,550.0,zenith,2937.38,9.798,-0.061,2.53,True
50.7,550.0,zenith,2937.37,9.798,-0.061,2.53,True
50.8,550.0,zenith,2937.37,9.798,-0.061,2.53,True
50.9,550.0,zenith,2937.36,9.798,-0.062,2.53,True
51.0,550.0,zenith,2937.35,9.798,-0.062,2.53,True
51.1,550.0,zenith,2937.35,9.798,-0.062,2.53,True
51.2,550.0,zenith,2937.34,9.798,-0.062,2.53,True
51.3,550.0,zenith,2937.34,9.798,-0.062,2.53,True
51.4,550.0,zenith,2937.33,9.798,-0.062,2.53,True
51.5,550.0,zenith,2937.32,9.798,-0.062,2.53,True
51.6,550.0,zenith,2937.32,9.798,-0.062,2.53,True
51.7,550.0,zenith,2937.31,9.798,-0.063,2.53,True
51.8,550.0,zenith,2937.3,9.798,-0.063,2.53,True
51.9,550.0,zenith,2937.3,9.798,-0.063,2.53,True
52.0,550.0,zenith,2937.29,9.798,-0.063,2.53,True
52.1,550.0,zenith,2937.29,9.798,-0.063,2.53,True
52.2,550.0,zenith,2937.28,9.798,-0.063,2.53,True
52.3,550.0,zenith,2937.27,9.798,-0.063,2.53,True
52.4,550.0,zenith,2937.27,9.798,-0.063,2.53,True
52.5,550.0,zenith,2937.26,9.798,-0.064,2.53,True
52.6,550.0,zenith,2937.25,9.798,-0.064,2.53,True
52.7,550.0,zenith,2937.25,9.798,-0.064,2.53,True
52.8,550.0,zenith,2937.24,9.798,-0.064,2.53,True
52.9,550.0,zenith,2937.23,9.798,-0.064,2.53,True
53.0,550.0,zenith,2937.23,9.798,-0.064,2.53,True
53.1,550.0,zenith,2937.22,9.798,-0.064,2.53,True
53.2,550.0,zenith,2937.22,9.797,-0.064,2.53,True
53.3,550.0,zenith,2937.21,9.797,-0.064,2.53,True
53.4,550.0,zenith,2937.2,9.797,-0.065,2.53,True
53.5,550.0,zenith,2937.2,9.797,-0.065,2.53,True
53.6,550.0,zenith,2937.19,9.797,-0.065,2.53,True
53.7,550.0,zenith,2937.18,9.797,-0.065,2.53,True
53.8,550.0,zenith,2937.18,9.797,-0.065,2.53,True
53.9,550.0,zenith,2937.17,9.797,-0.065,2.53,True
54.0,550.0,zenith,2937.16,9.797,-0.065,2.53,True
54.1,550.0,zenith,2937.16,9.797,-0.065,2.53,True
54.2,550.0,zenith,2937.15,9.797,-0.066,2.53,True
54.3,550.0,zenith,2937.14,9.797,-0.066,2.53,True
54.4,550.0,zenith,2937.14,9.797,-0.066,2.53,True
54.5,550.0,zenith,2937.13,9.797,-0.066,2.53,True
54.6,550.0,zenith,2937.12,9.797,-0.066,2.53,True
54.7,550.0,zenith,2937.12,9.797,-0.066,2.53,True
54.8,550.0,zenith,2937.11,9.797,-0.066,2.53,True
54.9,550.0,zenith,2937.1,9.797,-0.066,2.53,True
55.0,550.0,zenith,2937.1,9.797,-0.067,2.53,True
55.1,550.0,zenith,2937.09,9.797,-0.067,2.53,True
55.2,550.0,zenith,2937.08,9.797,-0.067,2.53,True
55.3,550.0,zenith,2937.08,9.797,-0.067,2.53,True
55.4,550.0,zenith,2937.07,9.797,-0.067,2.53,True
55.5,550.0,zenith,2937.06,9.797,-0.067,2.53,True
55.6,550.0,zenith,2937.06,9.797,-0.067,2.53,True
55.7,550.0,zenith,2937.05,9.797,-0.067,2.53,True
55.8,550.0,zenith,2937.04,9.797,-0.068,2.53,True
55.9,550.0,zenith,2937.04,9.797,-0.068,2.53,True
56.0,550.0,zenith,2937.03,9.797,-0.068,2.53,True
56.1,550.0,zenith,2937.02,9.797,-0.068,2.53,True
56.2,550.0,zenith,2937.02,9.797,-0.068,2.53,True
56.3,550.0,zenith,2937.01,9.797,-0.068,2.53,True
56.4,550.0,zenith,2937.0,9.797,-0.068,2.53,True
56.5,550.0,zenith,2937.0,9.797,-0.068,2.53,True
56.6,550.0,zenith,2936.99,9.797,-0.069,2.53,True
56.7,550.0,zenith,2936.98,9.797,-0.069,2.53,True
56.8,550.0,zenith,2936.98,9.797,-0.069,2.53,True
56.9,550.0,zenith,2936.97,9.797,-0.069,2.53,True
57.0,550.0,zenith,2936.96,9.797,-0.069,2.53,True
57.1,550.0,zenith,2936.96,9.797,-0.069,2.53,True
57.2,550.0,zenith,2936.95,9.797,-0.069,2.53,True
57.3,550.0,zenith,2936.94,9.797,-0.069,2.53,True
57.4,550.0,zenith,2936.93,9.797,-0.069,2.53,True
57.5,550.0,zenith,2936.93,9.797,-0.07,2.53,True
57.6,550.0,zenith,2936.92,9.797,-0.07,2.53,True
57.7,550.0,zenith,2936.91,9.796,-0.07,2.53,True
57.8,550.0,zenith,2936.91,9.796,-0.07,2.53,True
57.9,550.0,zenith,2936.9,9.796,-0.07,2.53,True
58.0,550.0,zenith,2936.89,9.796,-0.07,2.53,True
58.1,550.0,zenith,2936.89,9.796,-0.07,2.53,True
58.2,550.0,zenith,2936.88,9.796,-0.07,2.53,True
58.3,550.0,zenith,2936.87,9.796,-0.071,2.53,True
58.4,550.0,zenith,2936.86,9.796,-0.071,2.53,True
58.5,550.0,zenith,2936.86,9.796,-0.071,2.53,True
58.6,550.0,zenith,2936.85,9.796,-0.071,2.53,True
58.7,550.0,zenith,2936.84,9.796,-0.071,2.53,True
58.8,550.0,zenith,2936.84,9.796,-0.071,2.53,True
58.9,550.0,zenith,2936.83,9.796,-0.071,2.53,True
59.0,550.0,zenith,2936.82,9.796,-0.071,2.53,True
59.1,550.0,zenith,2936.81,9.796,-0.072,2.53,True
59.2,550.0,zenith,2936.81,9.796,-0.072,2.53,True
59.3,550.0,zenith,2936.8,9.796,-0.072,2.53,True
59.4,550.0,zenith,2936.79,9.796,-0.072,2.53,True
59.5,550.0,egress,2936.79,9.796,-0.072,2.53,True
59.6,550.0,egress,2936.78,9.796,-0.072,2.53,True
59.7,550.0,egress,2936.77,9.796,-0.072,2.53,True
59.8,550.0,egress,2936.76,9.796,-0.072,2.53,True
59.9,550.0,egress,2936.76,9.796,-0.073,2.53,True
60.0,550.0,egress,2936.75,9.796,-0.073,2.53,True
60.1,550.0,egress,2936.74,9.796,-0.073,2.53,True
60.2,550.0,egress,2936.74,9.796,-0.073,2.53,True
60.3,550.0,egress,2936.73,9.796,-0.073,2.53,True
60.4,550.0,egress,2936.72,9.796,-0.073,2.53,True
60.5,550.0,egress,2936.71,9.796,-0.073,2.53,True
60.6,550.0,egress,2936.71,9.796,-0.073,2.53,True
60.7,550.0,egress,2936.7,9.796,-0.074,2.53,True
60.8,550.0,egress,2936.69,9.796,-0.074,2.53,True
60.9,550.0,egress,2936.68,9.796,-0.074,2.53,True
61.0,550.0,egress,2936.68,9.796,-0.074,2.53,True
61.1,550.0,egress,2936.67,9.796,-0.074,2.53,True
61.2,550.0,egress,2936.66,9.796,-0.074,2.53,True
61.3,550.0,egress,2936.65,9.796,-0.074,2.53,True
61.4,550.0,egress,2936.65,9.796,-0.074,2.53,True
61.5,550.0,egress,2936.64,9.796,-0.074,2.53,True
61.6,550.0,egress,2936.63,9.796,-0.075,2.53,True
61.7,550.0,egress,2936.62,9.796,-0.075,2.53,True
61.8,550.0,egress,2936.62,9.796,-0.075,2.53,True
61.9,550.0,egress,2936.61,9.795,-0.075,2.53,True
62.0,550.0,egress,2936.6,9.795,-0.075,2.53,True
62.1,550.0,egress,2936.59,9.795,-0.075,2.53,True
62.2,550.0,egress,2936.59,9.795,-0.075,2.53,True
62.3,550.0,egress,2936.58,9.795,-0.075,2.53,True
62.4,550.0,egress,2936.57,9.795,-0.076,2.53,True
62.5,550.0,egress,2936.56,9.795,-0.076,2.53,True
62.6,550.0,egress,2936.56,9.795,-0.076,2.53,True
62.7,550.0,egress,2936.55,9.795,-0.076,2.53,True
62.8,550.0,egress,2936.54,9.795,-0.076,2.53,True
62.9,550.0,egress,2936.53,9.795,-0.076,2.53,True
63.0,550.0,egress,2936.53,9.795,-0.076,2.53,True
63.1,550.0,egress,2936.52,9.795,-0.076,2.53,True
63.2,550.0,egress,2936.51,9.795,-0.077,2.53,True
63.3,550.0,egress,2936.5,9.795,-0.077,2.53,True
63.4,550.0,egress,2936.5,9.795,-0.077,2.53,True
63.5,550.0,egress,2936.49,9.795,-0.077,2.53,True
63.6,550.0,egress,2936.48,9.795,-0.077,2.53,True
63.7,550.0,egress,2936.47,9.795,-0.077,2.53,True
63.8,550.0,egress,2936.46,9.795,-0.077,2.53,True
63.9,550.0,egress,2936.46,9.795,-0.077,2.53,True
64.0,550.0,egress,2936.45,9.795,-0.078,2.53,True
64.1,550.0,egress,2936.44,9.795,-0.078,2.53,True
64.2,550.0,egress,2936.43,9.795,-0.078,2.53,True
64.3,550.0,egress,2936.43,9.795,-0.078,2.53,True
64.4,550.0,egress,2936.42,9.795,-0.078,2.53,True
64.5,550.0,egress,2936.41,9.795,-0.078,2.53,True
64.6,550.0,egress,2936.4,9.795,-0.078,2.53,True
64.7,550.0,egress,2936.39,9.795,-0.078,2.53,True
64.8,550.0,egress,2936.39,9.795,-0.079,2.53,True
64.9,550.0,egress,2936.38,9.795,-0.079,2.53,True
65.0,550.0,egress,2936.37,9.795,-0.079,2.53,True
65.1,550.0,egress,2936.36,9.795,-0.079,2.53,True
65.2,550.0,egress,2936.36,9.795,-0.079,2.53,True
65.3,550.0,egress,2936.35,9.795,-0.079,2.53,True
65.4,550.0,egress,2936.34,9.795,-0.079,2.53,True
65.5,550.0,egress,2936.33,9.795,-0.079,2.53,True
65.6,550.0,egress,2936.32,9.795,-0.079,2.53,True
65.7,550.0,egress,2936.32,9.794,-0.08,2.53,True
65.8,550.0,egress,2936.31,9.794,-0.08,2.53,True
65.9,550.0,egress,2936.3,9.794,-0.08,2.53,True
66.0,550.0,egress,2936.29,9.794,-0.08,2.53,True
66.1,550.0,egress,2936.28,9.794,-0.08,2.53,True
66.2,550.0,egress,2936.28,9.794,-0.08,2.53,True
66.3,550.0,egress,2936.27,9.794,-0.08,2.53,True
66.4,550.0,egress,2936.26,9.794,-0.08,2.53,True
66.5,550.0,egress,2936.25,9.794,-0.081,2.53,True
66.6,550.0,egress,2936.24,9.794,-0.081,2.53,True
66.7,550.0,egress,2936.24,9.794,-0.081,2.53,True
66.8,550.0,egress,2936.23,9.794,-0.081,2.53,True
66.9,550.0,egress,2936.22,9.794,-0.081,2.53,True
67.0,550.0,egress,2936.21,9.794,-0.081,2.53,True
67.1,550.0,egress,2936.2,9.794,-0.081,2.53,True
67.2,550.0,egress,2936.2,9.794,-0.081,2.53,True
67.3,550.0,egress,2936.19,9.794,-0.082,2.53,True
67.4,550.0,egress,2936.18,9.794,-0.082,2.53,True
67.5,550.0,egress,2936.17,9.794,-0.082,2.53,True
67.6,550.0,egress,2936.16,9.794,-0.082,2.53,True
67.7,550.0,egress,2936.15,9.794,-0.082,2.53,True
67.8,550.0,egress,2936.15,9.794,-0.082,2.53,True
67.9,550.0,egress,2936.14,9.794,-0.082,2.53,True
68.0,550.0,egress,2936.13,9.794,-0.082,2.53,True
68.1,550.0,egress,2936.12,9.794,-0.083,2.53,True
68.2,550.0,egress,2936.11,9.794,-0.083,2.53,True
68.3,550.0,egress,2936.1,9.794,-0.083,2.53,True
68.4,550.0,egress,2936.1,9.794,-0.083,2.53,True
68.5,550.0,egress,2936.09,9.794,-0.083,2.53,True
68.6,550.0,egress,2936.08,9.794,-0.083,2.53,True
68.7,550.0,egress,2936.07,9.794,-0.083,2.53,True
68.8,550.0,egress,2936.06,9.794,-0.083,2.53,True
68.9,550.0,egress,2936.05,9.794,-0.083,2.53,True
69.0,550.0,egress,2936.05,9.794,-0.084,2.53,True
69.1,550.0,egress,2936.04,9.794,-0.084,2.53,True
69.2,550.0,egress,2936.03,9.794,-0.084,2.53,True
69.3,550.0,egress,2936.02,9.794,-0.084,2.53,True
69.4,550.0,egress,2936.01,9.793,-0.084,2.53,True
69.5,550.0,egress,2936.0,9.793,-0.084,2.53,True
69.6,550.0,egress,2936.0,9.793,-0.084,2.53,True
69.7,550.0,egress,2935.99,9.793,-0.084,2.53,True
69.8,550.0,egress,2935.98,9.793,-0.085,2.53,True
69.9,550.0,egress,2935.97,9.793,-0.085,2.53,True
70.0,550.0,egress,2935.96,9.793,-0.085,2.53,True
70.1,550.0,egress,2935.95,9.793,-0.085,2.53,True
70.2,550.0,egress,2935.95,9.793,-0.085,2.53,True
70.3,550.0,egress,2935.94,9.793,-0.085,2.53,True
70.4,550.0,egress,2935.93,9.793,-0.085,2.53,True
70.5,550.0,egress,2935.92,9.793,-0.085,2.53,True
70.6,550.0,egress,2935.91,9.793,-0.086,2.53,True
70.7,550.0,egress,2935.9,9.793,-0.086,2.53,True
70.8,550.0,egress,2935.89,9.793,-0.086,2.53,True
70.9,550.0,egress,2935.89,9.793,-0.086,2.53,True
71.0,550.0,egress,2935.88,9.793,-0.086,2.53,True
71.1,550.0,egress,2935.87,9.793,-0.086,2.53,True
71.2,550.0,egress,2935.86,9.793,-0.086,2.53,True
71.3,550.0,egress,2935.85,9.793,-0.086,2.53,True
71.4,550.0,egress,2935.84,9.793,-0.087,2.53,True
71.5,550.0,egress,2935.83,9.793,-0.087,2.53,True
71.6,550.0,egress,2935.83,9.793,-0.087,2.53,True
71.7,550.0,egress,2935.82,9.793,-0.087,2.53,True
71.8,550.0,egress,2935.81,9.793,-0.087,2.53,True
71.9,550.0,egress,2935.8,9.793,-0.087,2.53,True
72.0,550.0,egress,2935.79,9.793,-0.087,2.53,True
72.1,550.0,egress,2935.78,9.793,-0.087,2.53,True
72.2,550.0,egress,2935.77,9.793,-0.088,2.53,True
72.3,550.0,egress,2935.76,9.793,-0.088,2.53,True
72.4,550.0,egress,2935.76,9.793,-0.088,2.53,True
72.5,550.0,egress,2935.75,9.793,-0.088,2.53,True
72.6,550.0,egress,2935.74,9.793,-0.088,2.53,True
72.7,550.0,egress,2935.73,9.793,-0.088,2.53,True
72.8,550.0,egress,2935.72,9.793,-0.088,2.53,True
72.9,550.0,egress,2935.71,9.792,-0.088,2.53,True
73.0,550.0,egress,2935.7,9.792,-0.088,2.53,True
73.1,550.0,egress,2935.69,9.792,-0.089,2.53,True
73.2,550.0,egress,2935.68,9.792,-0.089,2.53,True
73.3,550.0,egress,2935.68,9.792,-0.089,2.53,True
73.4,550.0,egress,2935.67,9.792,-0.089,2.53,True
73.5,550.0,egress,2935.66,9.792,-0.089,2.53,True
73.6,550.0,egress,2935.65,9.792,-0.089,2.53,True
73.7,550.0,egress,2935.64,9.792,-0.089,2.53,True
73.8,550.0,egress,2935.63,9.792,-0.089,2.53,True
73.9,550.0,egress,2935.62,9.792,-0.09,2.53,True
74.0,550.0,egress,2935.61,9.792,-0.09,2.53,True
74.1,550.0,egress,2935.6,9.792,-0.09,2.53,True
74.2,550.0,egress,2935.6,9.792,-0.09,2.53,True
74.3,550.0,egress,2935.59,9.792,-0.09,2.53,True
74.4,550.0,egress,2935.58,9.792,-0.09,2.53,True
74.5,550.0,egress,2935.57,9.792,-0.09,2.53,True
74.6,550.0,egress,2935.56,9.792,-0.09,2.53,True
74.7,550.0,egress,2935.55,9.792,-0.091,2.53,True
74.8,550.0,egress,2935.54,9.792,-0.091,2.53,True
74.9,550.0,egress,2935.53,9.792,-0.091,2.53,True
75.0,550.0,egress,2935.52,9.792,-0.091,2.53,True
75.1,550.0,egress,2935.51,9.792,-0.091,2.53,True
75.2,550.0,egress,2935.5,9.792,-0.091,2.53,True
75.3,550.0,egress,2935.5,9.792,-0.091,2.53,True
75.4,550.0,egress,2935.49,9.792,-0.091,2.53,True
75.5,550.0,egress,2935.48,9.792,-0.092,2.53,True
75.6,550.0,egress,2935.47,9.792,-0.092,2.53,True
75.7,550.0,egress,2935.46,9.792,-0.092,2.53,True
75.8,550.0,egress,2935.45,9.792,-0.092,2.53,True
75.9,550.0,egress,2935.44,9.792,-0.092,2.53,True
76.0,550.0,egress,2935.43,9.792,-0.092,2.53,True
76.1,550.0,egress,2935.42,9.792,-0.092,2.53,True
76.2,550.0,egress,2935.41,9.791,-0.092,2.53,True
76.3,550.0,egress,2935.4,9.791,-0.092,2.53,True
76.4,550.0,egress,2935.39,9.791,-0.093,2.53,True
76.5,550.0,egress,2935.39,9.791,-0.093,2.53,True
76.6,550.0,egress,2935.38,9.791,-0.093,2.53,True
76.7,550.0,egress,2935.37,9.791,-0.093,2.53,True
76.8,550.0,egress,2935.36,9.791,-0.093,2.53,True
76.9,550.0,egress,2935.35,9.791,-0.093,2.53,True
77.0,550.0,egress,2935.34,9.791,-0.093,2.53,True
77.1,550.0,egress,2935.33,9.791,-0.093,2.53,True
77.2,550.0,egress,2935.32,9.791,-0.094,2.53,True
77.3,550.0,egress,2935.31,9.791,-0.094,2.53,True
77.4,550.0,egress,2935.3,9.791,-0.094,2.53,True
77.5,550.0,egress,2935.29,9.791,-0.094,2.53,True
77.6,550.0,egress,2935.28,9.791,-0.094,2.53,True
77.7,550.0,egress,2935.27,9.791,-0.094,2.53,True
77.8,550.0,egress,2935.26,9.791,-0.094,2.53,True
77.9,550.0,egress,2935.25,9.791,-0.094,2.53,True
78.0,550.0,egress,2935.24,9.791,-0.095,2.53,True
78.1,550.0,egress,2935.24,9.791,-0.095,2.53,True
78.2,550.0,egress,2935.23,9.791,-0.095,2.53,True
78.3,550.0,egress,2935.22,9.791,-0.095,2.53,True
78.4,550.0,egress,2935.21,9.791,-0.095,2.53,True
78.5,550.0,egress,2935.2,9.791,-0.095,2.53,True
78.6,550.0,egress,2935.19,9.791,-0.095,2.53,True
78.7,550.0,egress,2935.18,9.791,-0.095,2.53,True
78.8,550.0,egress,2935.17,9.791,-0.096,2.53,True
78.9,550.0,egress,2935.16,9.791,-0.096,2.53,True
79.0,550.0,egress,2935.15,9.791,-0.096,2.53,True
79.1,550.0,egress,2935.14,9.791,-0.096,2.53,True
79.2,550.0,egress,2935.13,9.791,-0.096,2.53,True
79.3,550.0,egress,2935.12,9.791,-0.096,2.53,True
79.4,550.0,egress,2935.11,9.79,-0.096,2.53,True
79.5,550.0,egress,2935.1,9.79,-0.096,2.53,True
79.6,550.0,egress,2935.09,9.79,-0.096,2.53,True
79.7,550.0,egress,2935.08,9.79,-0.097,2.53,True
79.8,550.0,egress,2935.07,9.79,-0.097,2.53,True
79.9,550.0,egress,2935.06,9.79,-0.097,2.53,True
80.0,550.0,egress,2935.05,9.79,-0.097,2.53,True
80.1,550.0,egress,2935.04,9.79,-0.097,2.53,True
80.2,550.0,egress,2935.03,9.79,-0.097,2.53,True
80.3,550.0,egress,2935.02,9.79,-0.097,2.53,True
80.4,550.0,egress,2935.01,9.79,-0.097,2.53,True
80.5,550.0,egress,2935.0,9.79,-0.098,2.53,True
80.6,550.0,egress,2934.99,9.79,-0.098,2.53,True
80.7,550.0,egress,2934.99,9.79,-0.098,2.53,True
80.8,550.0,egress,2934.98,9.79,-0.098,2.53,True
80.9,550.0,egress,2934.97,9.79,-0.098,2.53,True
81.0,550.0,egress,2934.96,9.79,-0.098,2.53,True
81.1,550.0,egress,2934.95,9.79,-0.098,2.53,True
81.2,550.0,egress,2934.94,9.79,-0.098,2.53,True
81.3,550.0,egress,2934.93,9.79,-0.099,2.53,True
81.4,550.0,egress,2934.92,9.79,-0.099,2.53,True
81.5,550.0,egress,2934.91,9.79,-0.099,2.53,True
81.6,550.0,egress,2934.9,9.79,-0.099,2.53,True
81.7,550.0,egress,2934.89,9.79,-0.099,2.53,True
81.8,550.0,egress,2934.88,9.79,-0.099,2.53,True
81.9,550.0,egress,2934.87,9.79,-0.099,2.53,True
82.0,550.0,egress,2934.86,9.79,-0.099,2.53,True
82.1,550.0,egress,2934.85,9.79,-0.1,2.53,True
82.2,550.0,egress,2934.84,9.79,-0.1,2.53,True
82.3,550.0,egress,2934.83,9.79,-0.1,2.53,True
82.4,550.0,egress,2934.82,9.789,-0.1,2.53,True
82.5,550.0,egress,2934.81,9.789,-0.1,2.53,True
82.6,550.0,egress,2934.8,9.789,-0.1,2.53,True
82.7,550.0,egress,2934.79,9.789,-0.1,2.53,True
82.8,550.0,egress,2934.78,9.789,-0.1,2.53,True
82.9,550.0,egress,2934.77,9.789,-0.1,2.53,True
83.0,550.0,egress,2934.76,9.789,-0.101,2.53,True
83.1,550.0,egress,2934.75,9.789,-0.101,2.53,True
83.2,550.0,egress,2934.74,9.789,-0.101,2.53,True
83.3,550.0,egress,2934.73,9.789,-0.101,2.53,True
83.4,550.0,egress,2934.72,9.789,-0.101,2.53,True
83.5,550.0,egress,2934.71,9.789,-0.101,2.53,True
83.6,550.0,egress,2934.7,9.789,-0.101,2.53,True
83.7,550.0,egress,2934.69,9.789,-0.101,2.53,True
83.8,550.0,egress,2934.68,9.789,-0.102,2.53,True
83.9,550.0,egress,2934.67,9.789,-0.102,2.53,True
84.0,550.0,egress,2934.66,9.789,-0.102,2.53,True
84.1,550.0,egress,2934.65,9.789,-0.102,2.53,True
84.2,550.0,egress,2934.64,9.789,-0.102,2.53,True
84.3,550.0,egress,2934.63,9.789,-0.102,2.53,True
84.4,550.0,egress,2934.61,9.789,-0.102,2.53,True
84.5,550.0,egress,2934.6,9.789,-0.102,2.53,True
84.6,550.0,egress,2934.59,9.789,-0.103,2.53,True
84.7,550.0,egress,2934.58,9.789,-0.103,2.53,True
84.8,550.0,egress,2934.57,9.789,-0.103,2.53,True
84.9,550.0,egress,2934.56,9.789,-0.103,2.53,True
85.0,550.0,egress,2934.55,9.789,-0.103,2.53,True
85.1,550.0,egress,2934.54,9.789,-0.103,2.53,True
85.2,550.0,egress,2934.53,9.789,-0.103,2.53,True
85.3,550.0,egress,2934.52,9.789,-0.103,2.53,True
85.4,550.0,egress,2934.51,9.788,-0.104,2.53,True
85.5,550.0,egress,2934.5,9.788,-0.104,2.53,True
85.6,550.0,egress,2934.49,9.788,-0.104,2.53,True
85.7,550.0,egress,2934.48,9.788,-0.104,2.53,True
85.8,550.0,egress,2934.47,9.788,-0.104,2.53,True
85.9,550.0,egress,2934.46,9.788,-0.104,2.53,True
86.0,550.0,egress,2934.45,9.788,-0.104,2.53,True
86.1,550.0,egress,2934.44,9.788,-0.104,2.53,True
86.2,550.0,egress,2934.43,9.788,-0.104,2.53,True
86.3,550.0,egress,2934.42,9.788,-0.105,2.53,True
86.4,550.0,egress,2934.41,9.788,-0.105,2.53,True
86.5,550.0,egress,2934.4,9.788,-0.105,2.53,True
86.6,550.0,egress,2934.39,9.788,-0.105,2.53,True
86.7,550.0,egress,2934.38,9.788,-0.105,2.53,True
86.8,550.0,egress,2934.37,9.788,-0.105,2.53,True
86.9,550.0,egress,2934.36,9.788,-0.105,2.53,True
87.0,550.0,egress,2934.34,9.788,-0.105,2.53,True
87.1,550.0,egress,2934.33,9.788,-0.106,2.53,True
87.2,550.0,egress,2934.32,9.788,-0.106,2.53,True
87.3,550.0,egress,2934.31,9.788,-0.106,2.53,True
87.4,550.0,egress,2934.3,9.788,-0.106,2.53,True
87.5,550.0,egress,2934.29,9.788,-0.106,2.53,True
87.6,550.0,egress,2934.28,9.788,-0.106,2.53,True
87.7,550.0,egress,2934.27,9.788,-0.106,2.53,True
87.8,550.0,egress,2934.26,9.788,-0.106,2.53,True
87.9,550.0,egress,2934.25,9.788,-0.107,2.53,True
88.0,550.0,egress,2934.24,9.788,-0.107,2.53,True
88.1,550.0,egress,2934.23,9.788,-0.107,2.53,True
88.2,550.0,egress,2934.22,9.787,-0.107,2.53,True
88.3,550.0,egress,2934.21,9.787,-0.107,2.53,True
88.4,550.0,egress,2934.2,9.787,-0.107,2.53,True
88.5,550.0,egress,2934.19,9.787,-0.107,2.53,True
88.6,550.0,egress,2934.17,9.787,-0.107,2.53,True
88.7,550.0,egress,2934.16,9.787,-0.108,2.53,True
88.8,550.0,egress,2934.15,9.787,-0.108,2.53,True
88.9,550.0,egress,2934.14,9.787,-0.108,2.53,True
89.0,550.0,egress,2934.13,9.787,-0.108,2.53,True
89.1,550.0,egress,2934.12,9.787,-0.108,2.53,True
89.2,550.0,egress,2934.11,9.787,-0.108,2.53,True
89.3,550.0,egress,2934.1,9.787,-0.108,2.53,True
89.4,550.0,egress,2934.09,9.787,-0.108,2.53,True
89.5,550.0,egress,2934.08,9.787,-0.108,2.53,True
89.6,550.0,egress,2934.07,9.787,-0.109,2.53,True
89.7,550.0,egress,2934.06,9.787,-0.109,2.53,True
89.8,550.0,egress,2934.04,9.787,-0.109,2.53,True
89.9,550.0,egress,2934.03,9.787,-0.109,2.53,True
